SJ_number,Species,sub_species,race,Kris_clade,cluster,my_clades,sample_type,lat,long,location,Drainage,City/road,County,State,temp_number,sample_number,field_number,Date_collected,Date extracted,Cytb_amp,ddRAD,ddRAD plate,filtered_out_95,Collector,University,Qubit_con_1(ng/ml),Fancy_number,Loan_number,strange_topology
LR01,C_venusta,venusta,Western_Gulf,West_tx,1,Texas,tissue,30.75393,-98.6761,Llano_river,Colorado,"Llano River at SHW16, below Llano City Lake damn",Llano,TX,13CVLR01,TCWC_16321.01_A,na,4/19/2013,12/9/2020,na,sent,1,no,"Conway, K.W., Kim, D.-M., & Krabbenhoft, T.",TXAM,14.5,C_ven_1038,na,no
LR02,C_venusta,venusta,Western_Gulf,West_tx,1,Texas,tissue,30.75393,-98.6761,Llano_river,Colorado,"Llano River at SHW16, below Llano City Lake damn",Llano,TX,13CVLR02,TCWC_16321.01_B,na,4/19/2013,12/9/2020,na,sent,1,no,"Conway, K.W., Kim, D.-M., & Krabbenhoft, T.",TXAM,15.4,C_ven_1039,na,no
LR04,C_venusta,venusta,Western_Gulf,West_tx,1,Texas,tissue,30.75393,-98.6761,Llano_river,Colorado,"Llano River at SHW16, below Llano City Lake damn",Llano,TX,13CVLR04,TCWC_16321.01_D,na,4/19/2013,12/9/2020,na,sent,1,no,"Conway, K.W., Kim, D.-M., & Krabbenhoft, T.",TXAM,20.5,C_ven_1041,na,no
DR01,C_venusta,venusta,Western_Gulf,West_tx,1,Texas,tissue,29.9671,-101.1492,Devils_river,Rio_Grande,"Devil's River at Bakers Crossing, FM163",Val_Verde,TX,13CVDR01,TCWC_16325.04_A,na,4/20/2013,12/9/2020,na,sent,1,no,"Conway, K.W., Kim, D.-M., & Krabbenhoft, T.",TXAM,12.4,C_ven_1042,na,no
DR04,C_venusta,venusta,Western_Gulf,West_tx,1,Texas,tissue,29.9671,-101.1492,Devils_river,Rio_Grande,"Devil's River at Bakers Crossing, FM166",Val_Verde,TX,13CVDR04,TCWC_16325.04_D,na,4/20/2013,12/9/2020,na,sent,1,no,"Conway, K.W., Kim, D.-M., & Krabbenhoft, T.",TXAM,12.2,C_ven_1045,na,no
RG02,C_venusta,venusta,Western_Gulf,West_tx,1,Texas,tissue,28.70851,-100.5097,Rio_Grande_river,Rio_Grande,"Rio Grande at Shelby Park boatramp, Eagle Pass",Maverick,TX,17CVRG02,TCWC_17564.13_B,na,3/21/2017,12/9/2020,na,sent,1,no,"Conway, K.W., Prestridge, H.L., Kubicek, K., & Pinion, A.K.",TXAM,19,C_ven_1054,na,no
RG03,C_venusta,venusta,Western_Gulf,West_tx,1,Texas,tissue,28.70851,-100.5097,Rio_Grande_river,Rio_Grande,"Rio Grande at Shelby Park boatramp, Eagle Pass",Maverick,TX,17CVRG03,TCWC_17564.13_C,na,3/21/2017,12/9/2020,na,sent,1,no,"Conway, K.W., Prestridge, H.L., Kubicek, K., & Pinion, A.K.",TXAM,18.1,C_ven_1055,na,no
PA01,C_venusta,venusta,Western_Gulf,East_tx-West_tx,1,Texas,tissue,32.352665,-98.01683,Paluxy_River,Brazos,"Paluxy River at TX highway 377 bridge, less than 1 mile east of Bluff Dale",Erath,TX,21CVPA01,147845,6142,3/2/2005,2/5/2021,na,sent,1,no,"Robins, Robert; Page, Lawrence; Thomson, A",FLMNH_Ichthyology,8.89,C_ven_1084,na,no
CR02,C_venusta,venusta,Western_Gulf,West_tx,1,Texas,tissue,30.33932,-98.4917,North_Grape_Creek,Colorado,North Grape Creek at RM road 1320; 2mi SW Sandy,Blanco,TX,21CVCR02,49531-2,na,3/7/2003,3/31/2021,na,sent,2,no,"Lang, N",UAIC,na,C_ven_1114,na,no
GR01,C_venusta,venusta,Western_Gulf,West_tx,1,Texas,tissue,29.72324,-99.06823,Medina_River,Guadalupe,Medina River at TX Hwy 173; Bandera,Bandera,TX,21CVGR01,49532-1,na,1/1/2003,4/6/2021,na,sent,2,no,"Lang, N",UAIC,na,C_ven_1136,na,no
BR03,C_venusta,venusta,Western_Gulf,East_tx-West_tx,1,Texas,tissue,30.94401,-97.53651,Salado_creek,Brazos,Salado Creek at FM Rd. 2268; Salado,Bell,TX,21CVBR03,49534-1,na,10/27/2004,4/7/2021,na,sent,2,no,"Lang, N",UAIC,na,C_ven_1138,na,no
BR04,C_venusta,venusta,Western_Gulf,East_tx-West_tx,1,Texas,tissue,30.94401,-97.53651,Salado_creek,Brazos,Salado Creek at FM Rd. 2268; Salado,Bell,TX,21CVBR04,49534-2,na,10/27/2004,4/7/2021,na,sent,2,no,"Lang, N",UAIC,na,C_ven_1139,na,no
FO02,C_venusta,venusta,Western_Gulf,West_tx,1,Texas,tissue,29.481883,31.6386,Frio_River,Frio,Frio River near Concan,Uvalde,TX,21CVFO02,TNHC-FT_2898,TNHC#69294,7/13/2017,5/14/2021,na,sent,2,no,"Braun, Christopher; MacDonald, Alec; Langhorst, Monica; Umphres, George; Cooper",TNHC,na,C_ven_1193,2021-04,no
CR03,C_venusta,venusta,Western_Gulf,West_tx,1,Texas,tissue,30.6445,-99.256,James_River,Colorado,James River just above mouth on Gene Zesch property within 100m reach,Mason,TX,21CVCR03,TNHC-FT_184,TNHC#47571,2/21/2011,5/15/2021,na,sent,2,no,"Hendrickson, Dean; Cohen, Adam; Labay, Benjamin L.; Harrison, Jeremy",TNHC,na,C_ven_1198,2021-04,no
CR04,C_venusta,venusta,Western_Gulf,West_tx,1,Texas,tissue,30.6445,-99.256,James_River,Colorado,James River just above mouth on Gene Zesch property within 100m reach,Mason,TX,21CVCR04,TNHC-FT_185,TNHC#47571,2/21/2011,5/15/2021,na,sent,2,no,"Hendrickson, Dean; Cohen, Adam; Labay, Benjamin L.; Harrison, Jeremy",TNHC,na,C_ven_1199,2021-04,no
CR05,C_venusta,venusta,Western_Gulf,West_tx,1,Texas,tissue,30.4824,-99.3858,Little_Devils_River,Colorado,Little Devils River at CR 4301 (lowest crossing),Kimble,TX,21CVCR05,TNHC-FT_77,TNHC#47584,2/20/2011,5/15/2021,na,sent,2,no,"Hendrickson, Dean; Cohen, Adam; Labay, Benjamin L.; Harrison, Jeremy",TNHC,na,C_ven_1200,2021-04,no
CR06,C_venusta,venusta,Western_Gulf,West_tx,1,Texas,tissue,30.4824,-99.3858,Little_Devils_River,Colorado,Little Devils River at CR 4301 (lowest crossing),Kimble,TX,21CVCR06,TNHC-FT_76,TNHC#47584,2/20/2011,5/15/2021,na,sent,2,no,"Hendrickson, Dean; Cohen, Adam; Labay, Benjamin L.; Harrison, Jeremy",TNHC,na,C_ven_1201,2021-04,no
CR07,C_venusta,venusta,Western_Gulf,West_tx,1,Texas,tissue,30.4824,-99.3858,Little_Devils_River,Colorado,Little Devils River at CR 4301 (lowest crossing),Kimble,TX,21CVCR07,TNHC-FT_78,TNHC#47584,2/20/2011,5/15/2021,na,sent,2,no,"Hendrickson, Dean; Cohen, Adam; Labay, Benjamin L.; Harrison, Jeremy",TNHC,na,C_ven_1202,2021-04,no
NR01,C_venusta,cercostigma,Eastern_Gulf,unknown,2,Mid_Gulf,whole_sp,30.505533,-90.546141,Natalby_River,Pontchartrain,US_Highway_190,Tangipahoa,LA,20CVNR01,na,na,9/7/2020,10/14/2020,12/14/2020,sent,1,no,"Johnson, Sherman, Piller",SELU,13.4,C_ven_1006,na,no
NR05,C_venusta,cercostigma,Eastern_Gulf,unknown,2,Mid_Gulf,whole_sp,30.505533,-90.546141,Natalby_River,Pontchartrain,US_Highway_190,Tangipahoa,LA,20CVNR05,na,na,9/7/2020,10/14/2020,12/14/2020,sent,1,no,"Johnson, Sherman, Piller",SELU,5.93,C_ven_1010,na,no
NR06,C_venusta,cercostigma,Eastern_Gulf,unknown,2,Mid_Gulf,whole_sp,30.505533,-90.546141,Natalby_River,Pontchartrain,US_Highway_190,Tangipahoa,LA,20CVNR06,na,na,9/7/2020,10/14/2020,12/14/2020,sent,1,no,"Johnson, Sherman, Piller",SELU,6.61,C_ven_1011,na,no
PR01,C_venusta,cercostigma,Eastern_Gulf,Pearl_Pascagoula,2,Mid_Gulf,whole_sp,31.5744444,-90.12972222,Pearl_River,Pearl,na,Lawrence,MS,20CVPR01,na,na,9/10/2020,11/4/2020,12/14/2020,sent,1,no,Piller,SELU,31.8,C_ven_1016,na,no
PR03,C_venusta,cercostigma,Eastern_Gulf,Pearl_Pascagoula,2,Mid_Gulf,whole_sp,31.5744444,-90.12972222,Pearl_River,Pearl,na,Lawrence,MS,20CVPR03,na,na,9/10/2020,11/4/2020,12/14/2020,sent,1,no,Piller,SELU,14.4,C_ven_1018,na,no
PR04,C_venusta,cercostigma,Eastern_Gulf,Pearl_Pascagoula,2,Mid_Gulf,whole_sp,31.5744444,-90.12972222,Pearl_River,Pearl,na,Lawrence,MS,20CVPR04,na,na,9/10/2020,11/4/2020,12/14/2020,sent,1,no,Piller,SELU,29.7,C_ven_1019,na,no
PR05,C_venusta,cercostigma,Eastern_Gulf,Pearl_Pascagoula,2,Mid_Gulf,whole_sp,31.5744444,-90.12972222,Pearl_River,Pearl,na,Lawrence,MS,20CVPR05,na,na,9/10/2020,11/4/2020,12/14/2020,sent,1,no,Piller,SELU,21,C_ven_1020,na,no
PR06,C_venusta,cercostigma,Eastern_Gulf,Pearl_Pascagoula,2,Mid_Gulf,whole_sp,31.5744444,-90.12972222,Pearl_River,Pearl,na,Lawrence,MS,20CVPR06,na,na,9/10/2020,11/4/2020,12/14/2020,sent,1,no,Piller,SELU,19.9,C_ven_1021,na,no
PR07,C_venusta,cercostigma,Eastern_Gulf,Pearl_Pascagoula,2,Mid_Gulf,whole_sp,31.5744444,-90.12972222,Pearl_River,Pearl,na,Lawrence,MS,20CVPR07,na,na,9/10/2020,11/4/2020,12/14/2020,sent,1,no,Piller,SELU,28.1,C_ven_1022,na,no
PR09,C_venusta,cercostigma,Eastern_Gulf,Pearl_Pascagoula,2,Mid_Gulf,whole_sp,31.5744444,-90.12972222,Pearl_River,Pearl,na,Lawrence,MS,20CVPR09,na,na,9/10/2020,11/4/2020,12/14/2020,sent,1,no,Piller,SELU,38.4,C_ven_1024,na,no
PR10,C_venusta,cercostigma,Eastern_Gulf,Pearl_Pascagoula,2,Mid_Gulf,whole_sp,31.5744444,-90.12972222,Pearl_River,Pearl,na,Lawrence,MS,20CVPR10,na,na,9/10/2020,11/4/2020,12/14/2020,sent,1,no,Piller,SELU,14,C_ven_1025,na,no
TB02,C_venusta,stigmatura,Stigmatura,Mobile,2,Mobile,tissue,34.022197,-88.503259,Eastern_Fork_Tombigbee,Tombigbee,Bigbee,Monroe,MS,20CVTB02,na,na,11/16/2020,1/12/2021,na,sent,1,no,Matthew Wagner,Mississippi_Museum_of_Natural_Science,3.33,C_ven_1080,na,no
TB04,C_venusta,stigmatura,Stigmatura,Mobile,2,Mobile,tissue,34.022197,-88.503259,Eastern_Fork_Tombigbee,Tombigbee,Bigbee,Monroe,MS,20CVTB04,na,na,11/16/2020,1/12/2021,na,sent,1,no,Matthew Wagner,Mississippi_Museum_of_Natural_Science,10.7,C_ven_1082,na,no
TB05,C_venusta,stigmatura,Stigmatura,Mobile,2,Mobile,tissue,34.022197,-88.503259,Eastern_Fork_Tombigbee,Tombigbee,Bigbee,Monroe,MS,20CVTB05,na,na,11/16/2020,1/12/2021,na,sent,1,no,Matthew Wagner,Mississippi_Museum_of_Natural_Science,3.68,C_ven_1083,na,no
TL03,C_venusta,stigmatura,Stigmatura,Mobile,2,Mobile,tissue,32.65797,-85.45903,Sougahatchee_creek,Tallapoosa,Sougahatchee Creek at Hwy 280 3mi N Auburn,Lee,AL,21CVTL03,49519-3,na,12/16/2003,3/31/2021,na,sent,2,no,"Lang, N",UAIC,na,C_ven_1117,na,no
TL05,C_venusta,stigmatura,Stigmatura,Mobile,2,Mobile,tissue,32.65797,-85.45903,Sougahatchee_creek,Tallapoosa,Sougahatchee Creek at Hwy 280 3mi N Auburn,Lee,AL,21CVTL05,49519-5,na,12/16/2003,3/31/2021,na,sent,2,no,"Lang, N",UAIC,na,C_ven_1119,na,no
TL06,C_venusta,stigmatura,Stigmatura,Mobile,2,Mobile,tissue,32.65797,-85.45903,Sougahatchee_creek,Tallapoosa,Sougahatchee Creek at Hwy 280 3mi N Auburn,Lee,AL,21CVTL06,49519-6,na,12/16/2003,3/31/2021,na,sent,2,no,"Lang, N",UAIC,na,C_ven_1120,na,no
CO04,C_venusta,stigmatura,Stigmatura,Mobile,2,Mobile,tissue,34.12711,-85.66415,Terrapin_creek,Coosa_River,Unamed tributary to Terrapin Creek off AL Hwy 9,Cherokee,AL,21CVCO04,49511-1,na,1/19/2021,4/7/2021,na,sent,2,no,"Pugh, Worth; O'Neil, Patrick; Aycock, Nathan",UAIC,na,C_ven_1131,na,no
CO06,C_venusta,stigmatura,Stigmatura,Mobile,2,Mobile,tissue,34.12711,-85.66415,Terrapin_creek,Coosa_River,Unamed tributary to Terrapin Creek off AL Hwy 11,Cherokee,AL,21CVCO06,49511-3,na,1/19/2021,4/7/2021,na,sent,2,no,"Pugh, Worth; O'Neil, Patrick; Aycock, Nathan",UAIC,na,C_ven_1133,na,no
CO08,C_venusta,stigmatura,Stigmatura,Mobile,2,Mobile,tissue,34.12711,-85.66415,Terrapin_creek,Coosa_River,Unamed tributary to Terrapin Creek off AL Hwy 13,Cherokee,AL,21CVCO08,49511-5,na,1/19/2021,4/7/2021,na,sent,2,no,"Pugh, Worth; O'Neil, Patrick; Aycock, Nathan",UAIC,na,C_ven_1135,na,no
TL08,C_venusta,stigmatura,Stigmatura,Mobile,2,Mobile,tissue,32.47737,-85.69549,Uphapee_creek,Tallapoosa,"Uphapee Creek, at Hwy 81 bridge",Macon,AL,21CVTL08,AUFT_26,na,6/29/2012,5/13/2021,na,sent,2,no,"J.W. Armbruster, C.K. Ray, M.M. Hayes, Hamalosmanoglu",AUM,na,C_ven_1159,2021_002,no
TL09,C_venusta,stigmatura,Stigmatura,Mobile,2,Mobile,tissue,32.47737,-85.69549,Uphapee_creek,Tallapoosa,"Uphapee Creek, at Hwy 81 bridge",Macon,AL,21CVTL09,AUFT_30,na,6/29/2012,5/13/2021,na,sent,2,no,"J.W. Armbruster, C.K. Ray, M.M. Hayes, Hamalosmanoglu",AUM,na,C_ven_1160,2021_002,no
TB06,C_venusta,stigmatura,Stigmatura,Mobile,2,Mobile,tissue,32.43869,-88.33763,Alamuchee_creek,Tombigbee,"Alamuchee Creek, at Hwy 80, 3.8 km ENE of Cuba",Sumter,AL,21CVTB06,AUFT_827,DCW_16_04,11/11/2016,5/14/2021,na,sent,2,no,"D.C. Werneke, J.W. Armbruster",AUM,na,C_ven_1168,2021_002,no
TB07,C_venusta,stigmatura,Stigmatura,Mobile,2,Mobile,tissue,32.43869,-88.33763,Alamuchee_creek,Tombigbee,"Alamuchee Creek, at Hwy 80, 3.8 km ENE of Cuba",Sumter,AL,21CVTB07,AUFT_828,DCW_16_04,11/11/2016,5/14/2021,na,sent,2,no,"D.C. Werneke, J.W. Armbruster",AUM,na,C_ven_1169,2021_002,no
BW02,C_venusta,stigmatura,Stigmatura,Mobile,2,Mobile,tissue,33.61273,-87.60509,North_River,Black_Warrior,"Cedar creek, at CR 63, 5.53 km S of Berry",Fayette,AL,21CVBW02,AUFT_7877,CKR_108_11,10/16/2011,5/13/2021,na,sent,2,no,"J.W. Armbruster, C.K. Ray, S. Ferdous, M. Tan, M.M. Hayes",AUM,na,C_ven_1174,2021_002,no
BW03,C_venusta,stigmatura,Stigmatura,Mobile,2,Mobile,tissue,33.61273,-87.60509,North_River,Black_Warrior,"Cedar creek, at CR 63, 5.53 km S of Berry",Fayette,AL,21CVBW03,AUFT_7878,CKR_108_11,10/16/2011,5/13/2021,na,sent,2,no,"J.W. Armbruster, C.K. Ray, S. Ferdous, M. Tan, M.M. Hayes",AUM,na,C_ven_1175,2021_002,no
BC02,C_venusta,venusta,Western_Gulf,unknown,3,Mississippi,fin_clip,36.604682,-88.8167,Bayou_du_Chien,Mississippi_KY,Rt_1283,Hickman,KY,2189,na,KROP06_17,na,8/11/2020,10/22/2020,sent,1,no,Piller,SELU,4.8,C_ven_1002,na,no
BC03,C_venusta,venusta,Western_Gulf,unknown,3,Mississippi,fin_clip,36.604682,-88.8167,Bayou_du_Chien,Mississippi_KY,Rt_1283,Hickman,KY,2190,na,KROP06_17,na,8/11/2020,10/22/2020,sent,1,no,Piller,SELU,9.44,C_ven_1003,na,no
BC05,C_venusta,venusta,Western_Gulf,unknown,3,Mississippi,fin_clip,36.604682,-88.8167,Bayou_du_Chien,Mississippi_KY,Rt_1283,Hickman,KY,2193,na,KROP06_17,na,8/11/2020,10/22/2020,sent,1,no,Piller,SELU,11.6,C_ven_1005,na,no
SC01,C_venusta,venusta,Red_Lower_Miss,Mississippi,3,Mississippi,whole_sp,30.916173,-91.3869,Scotts_creek,Mississippi_LA,Off Island road northwest of Wakefield,West_Feliciana,LA,20CVSC01,na,na,10/16/2020,11/21/2020,12/12/2020,sent,1,no,"Johnson, Sherman, Piller",SELU,28.7,C_ven_1026,na,no
SC02,C_venusta,venusta,Red_Lower_Miss,Mississippi,3,Mississippi,whole_sp,30.916173,-91.3869,Scotts_creek,Mississippi_LA,Off Island road northwest of Wakefield,West_Feliciana,LA,20CVSC02,na,na,10/16/2020,11/21/2020,12/12/2020,sent,1,no,"Johnson, Sherman, Piller",SELU,29.4,C_ven_1027,na,no
SC03,C_venusta,venusta,Red_Lower_Miss,Mississippi,3,Mississippi,whole_sp,30.916173,-91.3869,Scotts_creek,Mississippi_LA,Off Island road northwest of Wakefield,West_Feliciana,LA,20CVSC03,na,na,10/16/2020,11/21/2020,12/12/2020,sent,1,no,"Johnson, Sherman, Piller",SELU,21.6,C_ven_1028,na,no
SC04,C_venusta,venusta,Red_Lower_Miss,Mississippi,3,Mississippi,whole_sp,30.916173,-91.3869,Scotts_creek,Mississippi_LA,Off Island road northwest of Wakefield,West_Feliciana,LA,20CVSC04,na,na,10/16/2020,11/21/2020,12/12/2020,sent,1,no,"Johnson, Sherman, Piller",SELU,35,C_ven_1029,na,no
SC05,C_venusta,venusta,Red_Lower_Miss,Mississippi,3,Mississippi,whole_sp,30.916173,-91.3869,Scotts_creek,Mississippi_LA,Off Island road northwest of Wakefield,West_Feliciana,LA,20CVSC05,na,na,10/16/2020,11/21/2020,12/12/2020,sent,1,no,"Johnson, Sherman, Piller",SELU,34.8,C_ven_1030,na,no
SC06,C_venusta,venusta,Red_Lower_Miss,Mississippi,3,Mississippi,whole_sp,30.916173,-91.3869,Scotts_creek,Mississippi_LA,Off Island road northwest of Wakefield,West_Feliciana,LA,20CVSC06,na,na,10/16/2020,11/21/2020,12/12/2020,sent,1,no,"Johnson, Sherman, Piller",SELU,25.7,C_ven_1031,na,no
SC08,C_venusta,venusta,Red_Lower_Miss,Mississippi,3,Mississippi,whole_sp,30.916173,-91.3869,Scotts_creek,Mississippi_LA,Off Island road northwest of Wakefield,West_Feliciana,LA,20CVSC08,na,na,10/16/2020,11/21/2020,12/11/2020,sent,1,no,"Johnson, Sherman, Piller",SELU,25.7,C_ven_1033,na,no
SC09,C_venusta,venusta,Red_Lower_Miss,Mississippi,3,Mississippi,whole_sp,30.916173,-91.3869,Scotts_creek,Mississippi_LA,Off Island road northwest of Wakefield,West_Feliciana,LA,20CVSC09,na,na,10/16/2020,11/21/2020,12/11/2020,sent,1,no,"Johnson, Sherman, Piller",SELU,14.2,C_ven_1034,na,no
SC11,C_venusta,venusta,Red_Lower_Miss,Mississippi,3,Mississippi,whole_sp,30.916173,-91.3869,Scotts_creek,Mississippi_LA,Off Island road northwest of Wakefield,West_Feliciana,LA,20CVSC11,na,na,10/16/2020,11/21/2020,12/11/2020,sent,1,no,"Johnson, Sherman, Piller",SELU,26.4,C_ven_1036,na,no
SC12,C_venusta,venusta,Red_Lower_Miss,Mississippi,3,Mississippi,whole_sp,30.916173,-91.3869,Scotts_creek,Mississippi_LA,Off Island road northwest of Wakefield,West_Feliciana,LA,20CVSC12,na,na,10/16/2020,11/21/2020,12/11/2020,sent,1,no,"Johnson, Sherman, Piller",SELU,9.39,C_ven_1037,na,no
NU01,C_venusta,venusta,Western_Gulf,West_tx,3,Texas,tissue,29.61777,-100.0091,Nueces_river,Nueces,Nueces River at FM55,Uvalde,TX,13CVNU01,TCWC_16326.06_A,na,4/20/2013,12/9/2020,na,sent,1,no,"Conway, K.W., Kim, D.-M., & Krabbenhoft, T.",TXAM,8.19,C_ven_1047,na,no
RR01,C_venusta,venusta,Red_Lower_Miss,unknown,3,Mississippi,tissue,34.250776,-96.550193,Blue_River,Red_River,"Blue River at OK 48a, ~1.0 km N of Milburn",Johnston,OK,04CVRR01,TJN_2799,na,6/1/2004,1/16/2021,na,sent,2,no,"Near, T., Watkins_Cowell, G.",Yale,4.65,C_ven_1060,na,no
RR03,C_venusta,venusta,Red_Lower_Miss,unknown,3,Mississippi,tissue,34.250776,-96.550193,Blue_River,Red_River,"Blue River at OK 48a, ~1.0 km N of Milburn",Johnston,OK,04CVRR03,TJN_2801,na,6/1/2004,1/16/2021,na,sent,2,no,"Near, T., Watkins_Cowell, G.",Yale,13.2,C_ven_1062,na,no
RR04,C_venusta,venusta,Red_Lower_Miss,unknown,na,Texas,tissue,34.250776,-96.550193,Blue_River,Red_River,"Blue River at OK 48a, ~1.0 km N of Milburn",Johnston,OK,04CVRR04,TJN_2802,na,6/1/2004,1/16/2021,na,sent,2,no,"Near, T., Watkins_Cowell, G.",Yale,5.48,C_ven_1063,na,yes
RR05,C_venusta,venusta,Red_Lower_Miss,unknown,3,Mississippi,tissue,34.250776,-96.550193,Blue_River,Red_River,"Blue River at OK 48a, ~1.0 km N of Milburn",Johnston,OK,04CVRR05,TJN_2803,na,6/1/2004,1/16/2021,na,sent,2,no,"Near, T., Watkins_Cowell, G.",Yale,5.53,C_ven_1064,na,no
SR01,C_venusta,venusta,Western_Gulf,East_tx,3,Texas,tissue,31.017425,-93.651515,McGraw_Creek,Sabine,McGraw Creek at St. Rt. 60 approx. 1 mi NE Burkeville,Newton,TX,05CVSR01,TJN_4942,na,3/12/2005,1/16/2021,na,sent,1,no,"Near, T., Watkins_Cowell, G.",Yale,6.3,C_ven_1065,na,no
BB01,C_venusta,venusta,Red_Lower_Miss,Mississippi,3,Mississippi,tissue,33.468605,-89.3714,Big Black River,Big_Black_River,Eupora,Webster,MS,20CVBB01,na,na,11/16/2020,1/19/2021,na,sent,1,no,Matthew Wagner,Mississippi_Museum_of_Natural_Science,11.1,C_ven_1077,na,no
BB02,C_venusta,venusta,Red_Lower_Miss,Mississippi,3,Mississippi,tissue,33.468605,-89.3714,Big Black River,Big_Black_River,Eupora,Webster,MS,20CVBB02,na,na,11/16/2020,1/19/2021,na,sent,1,no,Matthew Wagner,Mississippi_Museum_of_Natural_Science,39.1,C_ven_1078,na,no
RR06,C_venusta,venusta,Red_Lower_Miss,unknown,3,Mississippi,tissue,34.50571,-97.0697,Dry_sandy_creek,Red_River,"Dry sandy creek at OK Hwy 7, 3mi W Sulphur",Murray,OK,21CVRR06,49528-1,na,2/21/2003,3/24/2021,na,sent,2,no,"Lang, N",UAIC,na,C_ven_1104,na,no
RR08,C_venusta,venusta,Red_Lower_Miss,unknown,3,Mississippi,tissue,34.50571,-97.0697,Dry_sandy_creek,Red_River,"Dry sandy creek at OK Hwy 7, 3mi W Sulphur",Murray,OK,21CVRR08,49528-3,na,2/21/2003,3/24/2021,na,sent,2,no,"Lang, N",UAIC,na,C_ven_1106,na,no
HO01,C_venusta,venusta,Red_Lower_Miss,Mississippi,3,Mississippi,tissue,31.48239,-90.91488,Fork_Homochitto_River,Mississippi_MS,Middle Fork Homochitto River at McNair Road; N Hwy 84 1mi WSW Meadville,Franklin,MS,21CVHO01,49525-1,na,10/28/2004,3/24/2021,na,sent,2,no,"Lang, N",UAIC,na,C_ven_1122,na,no
HO02,C_venusta,venusta,Red_Lower_Miss,Mississippi,3,Mississippi,tissue,31.48239,-90.91488,Fork_Homochitto_River,Mississippi_MS,Middle Fork Homochitto River at McNair Road; N Hwy 84 1mi WSW Meadville,Franklin,MS,21CVHO02,49525-2,na,10/28/2004,3/24/2021,na,sent,2,no,"Lang, N",UAIC,na,C_ven_1123,na,no
SR02,C_venusta,venusta,Western_Gulf,East_tx,3,Texas,tissue,31.14117,-93.52009,Sandy_Creek,Sabine,Sandy creek at LA Hwy 111; 6 mi NNW Burr Ferry,Veron,LA,21CVSR02,49524,na,12/29/2001,3/31/2021,na,sent,2,no,"Lang, N",UAIC,na,C_ven_1127,na,no
AK03,C_venusta,venusta,Red_Lower_Miss,Mississippi,3,Mississippi,tissue,35.22155,-93.14975,Arkansas_river,Arkansas_River,Arkansas river at AR Hwy 7; city park in Dardanelle,Yell,AK,21CVAK03,49520-1,na,5/6/2005,3/24/2021,na,sent,2,no,"Neely, Dave; Unmack, P",UAIC,na,C_ven_1129,na,no
SF01,C_venusta,venusta,Western_Gulf,unknown,3,Mississippi,tissue,36.6619,-90.1396,St_Francis_River,St_Francis_River,St. Francis River at MO Hwy U 2.5mi W Powe,Butler,MO,21CVSF01,49526-1,na,5/30/2003,4/6/2021,na,sent,2,no,"Lang, N",UAIC,na,C_ven_1142,na,no
OU02,C_venusta,venusta,Western_Gulf,Mississippi,3,Mississippi,tissue,33.2954,-92.0083,Saline_river,Ouachita,Saline River at Moores Mill,Bradley,AK,21CVOU02,49522-1,na,6/10/2005,4/6/2021,na,sent,2,no,"Neely, Dave; Unmack, P; AGFD",UAIC,na,C_ven_1148,na,no
OU04,C_venusta,venusta,Western_Gulf,Mississippi,3,Mississippi,tissue,33.2954,-92.0083,Saline_river,Ouachita,Saline River at Moores Mill,Bradley,AK,21CVOU04,49522-3,na,6/10/2005,4/6/2021,na,sent,2,no,"Neely, Dave; Unmack, P; AGFD",UAIC,na,C_ven_1150,na,no
OU05,C_venusta,venusta,Western_Gulf,Mississippi,3,Mississippi,tissue,33.2954,-92.0083,Saline_river,Ouachita,Saline River at Moores Mill,Bradley,AK,21CVOU05,49522-4,na,6/10/2005,4/6/2021,na,sent,2,no,"Neely, Dave; Unmack, P; AGFD",UAIC,na,C_ven_1151,na,no
WR03,C_venusta,venusta,Western_Gulf,unknown,3,Mississippi,tissue,35.92294,-90.7004,Mud_creek,White_River,"Mud creek at county Rd. 773, approx. 5.5 miles N of Jonesboro",Craighead,AK,21CVWR03,ASUFT-2015-1,na,1/28/2015,3/13/2021,na,sent,2,no,"BL Fluker, LT Hass, GK Payne",ASUMZ,na,C_ven_1152,na,no
WR04,C_venusta,venusta,Western_Gulf,unknown,3,Mississippi,tissue,35.92294,-90.7004,Mud_creek,White_River,"Mud creek at county Rd. 773, approx. 5.5 miles N of Jonesboro",Craighead,AK,21CVWR04,ASUFT-2015-2,na,1/28/2015,3/13/2021,na,sent,2,no,"BL Fluker, LT Hass, GK Payne",ASUMZ,na,C_ven_1153,na,no
WR05,C_venusta,venusta,Western_Gulf,unknown,3,Mississippi,tissue,35.92294,-90.7004,Mud_creek,White_River,"Mud creek at county Rd. 773, approx. 5.5 miles N of Jonesboro",Craighead,AK,21CVWR05,ASUFT-2015-3,na,1/28/2015,3/13/2021,na,sent,2,no,"BL Fluker, LT Hass, GK Payne",ASUMZ,na,C_ven_1154,na,no
CB01,C_venusta,venusta,Western_Gulf,East_tx-West_tx,3,Texas,tissue,29.76084,-96.20554,Little_Bernard_Creek,Brazos_Colorado_Coastal,Little Bernard Creek at I-10,Austin,TX,21CVCB01,TNHC-FT_2213,TNHC#69860,4/16/2019,5/14/2021,na,sent,2,no,"Cohen, Adam; Casarez, Melissa; Rash, Ryan",TNHC,na,C_ven_1194,2021-04,no
NE02,C_venusta,venusta,Western_Gulf,East_tx,3,Texas,tissue,30.9836,-94.2447,Rocky_Creek,Neches_River,Rocky Creek approximately 40.0 m upstream from mouth,Tyler,TX,21CVNE02,TNHC-FT_1114,TNHC#62015,6/14/2016,5/14/2021,na,sent,2,no,"Cohen, Adam; Casarez, Melissa; Shelburn, Chase",TNHC,na,C_ven_1195,2021-04,no
NE03,C_venusta,venusta,Western_Gulf,East_tx,3,Texas,tissue,31.6386,-94.4148,Terrapin_creek,Neches_River,Terrapin Creek at FM 95 crossing,Nacogdoches,TX,21CVNE03,TNHC-FT_1109,TNHC#62089,6/15/2016,5/14/2021,na,sent,2,no,"Cohen, Adam; Casarez, Melissa; Shelburn, Chase",TNHC,na,C_ven_1196,2021-04,no
NE04,C_venusta,venusta,Western_Gulf,East_tx,3,Texas,tissue,30.7226,-94.6451,Little_Hickory_Creek,Neches_River,Little Hickory Creek at SH190 crossing,Polk,TX,21CVNE04,TNHC-FT_876,TNHC#59143,8/2/2015,5/14/2021,na,sent,2,no,"Cohen, A.; Casarez, Melissa; Espinoza, Zaavian; Long, Chris",TNHC,na,C_ven_1197,2021-04,no
AR01,C_venusta,cercostigma,Eastern_Gulf,Apalachicola,4,Eastern_Gulf,tissue,30.440709,-84.986296,Apalachicola_river,Apalachicola,"Apalachicola River at  Bristol Landing, North Central Rd., ~ 1 km N of Bristol",Liberty,FL,18CVAR01,TJN_31880,na,5/4/2018,1/16/2021,na,sent,2,no,"Near, T., Watkins_Cowell, G.",Yale,6.04,C_ven_1067,na,no
FR01,C_venusta,cercostigma,Eastern_Gulf,Apalachicola,4,Eastern_Gulf,tissue,31.580017,-84.146133,Flint_river,Flint,Albany,Doughtery,GA,20CVFR01,na,na,10/15/2020,1/19/2021,na,sent,1,no,Otto Lorenz,Georgia_Southwestern_State_University,56.5,C_ven_1071,na,no
FR02,C_venusta,cercostigma,Eastern_Gulf,Apalachicola,4,Eastern_Gulf,tissue,31.580017,-84.146133,Flint_river,Flint,Albany,Doughtery,GA,20CVFR02,na,na,10/15/2020,1/19/2021,na,sent,1,no,Otto Lorenz,Georgia_Southwestern_State_University,58.1,C_ven_1072,na,no
FR04,C_venusta,cercostigma,Eastern_Gulf,Apalachicola,4,Eastern_Gulf,tissue,31.580017,-84.146133,Flint_river,Flint,Albany,Doughtery,GA,20CVFR04,na,na,10/15/2020,1/19/2021,na,sent,1,no,Otto Lorenz,Georgia_Southwestern_State_University,20.9,C_ven_1074,na,no
AR02,C_venusta,cercostigma,Eastern_Gulf,Apalachicola,4,Eastern_Gulf,tissue,30.62506,-84.90296,Apalachicola_river,Apalachicola,"Apalachicola River at mouth of Flat Creek, about 10.6 km SSW of Chattahoochee",Gadsden,FL,21CVAR02,187819,83174,11/1/2014,2/5/2021,na,sent,2,no,"Williams, James; Randall, Zachary; Page, Lawrence; Robins, Robert",FLMNH_Ichthyology,5.23,C_ven_1087,na,no
AR03,C_venusta,cercostigma,Eastern_Gulf,Apalachicola,4,Eastern_Gulf,tissue,30.62506,-84.90296,Apalachicola_river,Apalachicola,"Apalachicola River at mouth of Flat Creek, about 10.6 km SSW of Chattahoochee",Gadsden,FL,21CVAR03,187819,83175,11/1/2014,2/5/2021,na,sent,2,no,"Williams, James; Randall, Zachary; Page, Lawrence; Robins, Robert",FLMNH_Ichthyology,8.1,C_ven_1088,na,no
AR04,C_venusta,cercostigma,Eastern_Gulf,Apalachicola,4,Eastern_Gulf,tissue,30.58188,-84.96534,Apalachicola_river,Apalachicola,Apalachicola River at Ocheesee Landing,Calhoun,FL,21CVAR04,187734,83203,11/4/2014,2/5/2021,na,sent,2,no,"Williams, James; Randall, Zachary; Page, Lawrence; Robins, Robert",FLMNH_Ichthyology,5.03,C_ven_1089,na,no
AR05,C_venusta,cercostigma,Eastern_Gulf,Apalachicola,4,Eastern_Gulf,tissue,30.15758,-85.13316,Apalachicola_river,Apalachicola,Apalachicola River on right descending bank about 8.2 km NE of Wewahitchka ,Gulf,FL,21CVAR05,238189,90200,6/11/2015,2/5/2021,na,sent,2,no,"Williams, James; Randall, Zachary; Boyd, David; Pursifull, Sandy; Myatt, Taylor",FLMNH_Ichthyology,5,C_ven_1090,na,no
UC02,C_venusta,cercostigma,Upper_Chatt,Apalachicola,4,Eastern_Gulf,tissue,32.79593,-85.02377,Mountain_Oak_Creek,Chattahoochee,Mountain Oak Creek,Harris,GA,21CVUC02,na,na,10/14/2020,2/16/2021,na,sent,2,no,"Bowen, Bryant",Georgia_DNR,na,C_ven_1093,na,no
UC03,C_venusta,cercostigma,Upper_Chatt,Apalachicola,4,Eastern_Gulf,tissue,32.79593,-85.02377,Mountain_Oak_Creek,Chattahoochee,Mountain Oak Creek,Harris,GA,21CVUC03,na,na,10/14/2020,2/16/2021,na,sent,2,no,"Bowen, Bryant",Georgia_DNR,na,C_ven_1094,na,no
UC04,C_venusta,cercostigma,Upper_Chatt,Apalachicola,4,Eastern_Gulf,tissue,32.79593,-85.02377,Mountain_Oak_Creek,Chattahoochee,Mountain Oak Creek,Harris,GA,21CVUC04,na,na,10/14/2020,2/16/2021,na,sent,2,no,"Bowen, Bryant",Georgia_DNR,na,C_ven_1095,na,no
UC05,C_venusta,cercostigma,Upper_Chatt,Apalachicola,4,Eastern_Gulf,tissue,32.79593,-85.02377,Mountain_Oak_Creek,Chattahoochee,Mountain Oak Creek,Harris,GA,21CVUC05,na,na,10/14/2020,2/16/2021,na,sent,2,no,"Bowen, Bryant",Georgia_DNR,na,C_ven_1096,na,no
UC06,C_venusta,cercostigma,Upper_Chatt,Apalachicola,4,Eastern_Gulf,tissue,32.79593,-85.02377,Mountain_Oak_Creek,Chattahoochee,Mountain Oak Creek,Harris,GA,21CVUC06,na,na,10/14/2020,2/16/2021,na,sent,2,no,"Bowen, Bryant",Georgia_DNR,na,C_ven_1097,na,no
ES02,C_venusta,cercostigma,Eastern_Gulf,unknown,4,Eastern_Gulf,tissue,30.92005,-87.31431,Caneo_Creek,Escambia,Canoe Creek at US Hwy 29; 5 mi NNE McDavid,Escambia,FL,21CVES02,49523,na,12/14/2003,4/6/2021,na,sent,2,no,"Lang, N",UAIC,na,C_ven_1140,na,no
YR01,C_venusta,cercostigma,Eastern_Gulf,unknown,4,Eastern_Gulf,whole_sp,31.19076,-86.36068,Yellow_river,Yellow_river,"Yellow river, at CR, 9 miles SW of Opp",Covington,AL,21CVYR01,AUM_55500,MT_11-02,10/28/2011,5/11/2021,na,sent,2,no,"J.W. Armbruster, D.C. Werneke, S. Ferdous, M.M. Hayes, L Wieczorek, M. Tan",AUM,na,C_ven_1158,2021_002,no
LC01,C_venusta,cercostigma,Eastern_Gulf,Apalachicola,4,Eastern_Gulf,tissue,31.18962,-85.11876,Cedar_creek,Chattahoochee,"Cedar creek, at highway 95 crossing",Houston,AL,21CVLC01,AUFT_1161,DCW_13_37,6/5/2013,5/14/2021,na,sent,2,no,"D.C. Werneke, M.M. Hayes",AUM,na,C_ven_1170,2021_002,no
LC05,C_venusta,cercostigma,Eastern_Gulf,Apalachicola,4,Eastern_Gulf,whole_sp,32.46196,-85.13131,Little_Uchee_Creek,Chattahoochee,"Little Uchee Creek, at Hwy 80, 4.18 km W of Ladonia",Russell,AL,21CVLC05,AUM_55484,CKR_110-11,10/21/2011,5/12/2021,na,sent,2,no,"J.W. Armbruster, C.K. Ray, S. Ferdous, M. Tan, P.B Hart",AUM,na,C_ven_1177,2021_002,no
LC09,C_venusta,cercostigma,Eastern_Gulf,Apalachicola,4,Eastern_Gulf,whole_sp,32.46196,-85.13131,Little_Uchee_Creek,Chattahoochee,"Little Uchee Creek, at Hwy 80, 4.18 km W of Ladonia",Russell,AL,21CVLC09,AUM_55484,CKR_110-11,10/21/2011,5/12/2021,na,sent,2,no,"J.W. Armbruster, C.K. Ray, S. Ferdous, M. Tan, P.B Hart",AUM,na,C_ven_1181,2021_002,no
CN01,C_venusta,cercostigma,Eastern_Gulf,unknown,4,Eastern_Gulf,whole_sp,31.12928,-87.08751,Burnt_Corn_Creek,Conecuh_River,"Burnt Corn Creek, at Hwy 41, 2.5 miles NNW of Brewton",Escambia,AL,21CVCN01,AUM_56794,DCW_12-12,6/3/2012,5/11/2021,na,sent,2,no,"J.W. Armbruster, D.C. Werneke, P.B. Hart",AUM,na,C_ven_1182,2021_002,no
CN02,C_venusta,cercostigma,Eastern_Gulf,unknown,4,Eastern_Gulf,whole_sp,31.06659,-87.06173,Conecuh_River,Conecuh_River,"Conecuh River, at Hwy 41, 2 miles S of East Brewton",Escambia,AL,21CVCN02,AUM_56871,DCW_12-10,6/2/2012,5/11/2021,na,sent,2,no,"J.W. Armbruster, D.C. Werneke, P.B. Hart",AUM,na,C_ven_1183,2021_002,no
CN03,C_venusta,cercostigma,Eastern_Gulf,unknown,4,Eastern_Gulf,whole_sp,31.06659,-87.06173,Conecuh_River,Conecuh_River,"Conecuh River, at Hwy 41, 2 miles S of East Brewton",Escambia,AL,21CVCN03,AUM_56871,DCW_12-10,6/2/2012,5/11/2021,na,sent,2,no,"J.W. Armbruster, D.C. Werneke, P.B. Hart",AUM,na,C_ven_1184,2021_002,no
CN05,C_venusta,cercostigma,Eastern_Gulf,unknown,4,Eastern_Gulf,whole_sp,31.06659,-87.06173,Conecuh_River,Conecuh_River,"Conecuh River, at Hwy 41, 2 miles S of East Brewton",Escambia,AL,21CVCN05,AUM_56871,DCW_12-10,6/2/2012,5/11/2021,na,sent,2,no,"J.W. Armbruster, D.C. Werneke, P.B. Hart",AUM,na,C_ven_1186,2021_002,no
CH01,C_venusta,cercostigma,Eastern_Gulf,Choctawhatchee,4,Eastern_Gulf,whole_sp,31.27434,-86.11586,Pea_River_and_Pages_Creek,Choctawhatchee,"Pea River and Pages Creek, 1 mile E of Alberton, upstream of Hwy 134",Coffee,AL,21CVCH01,AUM_55571,MT_11-03,10/28/2011,5/11/2021,na,sent,2,no,"J.W. Armbruster, D.C. Werneke, S. Ferdous, M.M. Hayes, L Wieczorek, M. Tan",AUM,na,C_ven_1187,2021_002,no
CH03,C_venusta,cercostigma,Eastern_Gulf,Choctawhatchee,4,Eastern_Gulf,whole_sp,31.27434,-86.11586,Pea_River_and_Pages_Creek,Choctawhatchee,"Pea River and Pages Creek, 1 mile E of Alberton, upstream of Hwy 136",Coffee,AL,21CVCH03,AUM_55571,MT_11-03,10/28/2011,5/11/2021,na,sent,2,no,"J.W. Armbruster, D.C. Werneke, S. Ferdous, M.M. Hayes, L Wieczorek, M. Tan",AUM,na,C_ven_1189,2021_002,no
CH04,C_venusta,cercostigma,Eastern_Gulf,Choctawhatchee,4,Eastern_Gulf,whole_sp,31.27434,-86.11586,Pea_River_and_Pages_Creek,Choctawhatchee,"Pea River and Pages Creek, 1 mile E of Alberton, upstream of Hwy 137",Coffee,AL,21CVCH04,AUM_55571,MT_11-03,10/28/2011,5/11/2021,na,sent,2,no,"J.W. Armbruster, D.C. Werneke, S. Ferdous, M.M. Hayes, L Wieczorek, M. Tan",AUM,na,C_ven_1190,2021_002,no
CH05,C_venusta,cercostigma,Eastern_Gulf,Choctawhatchee,4,Eastern_Gulf,whole_sp,31.27434,-86.11586,Pea_River_and_Pages_Creek,Choctawhatchee,"Pea River and Pages Creek, 1 mile E of Alberton, upstream of Hwy 138",Coffee,AL,21CVCH05,AUM_55571,MT_11-03,10/28/2011,5/11/2021,na,sent,2,no,"J.W. Armbruster, D.C. Werneke, S. Ferdous, M.M. Hayes, L Wieczorek, M. Tan",AUM,na,C_ven_1191,2021_002,no
3087,C_callisema,na,na,na,na,na,tissue,na,na,na,na,na,na,na,na,SLU_TC_3087,na,na,1/12/2021,na,sent,1,no,Piller,SELU,19.9,OG_101,na,no
3088,C_callisema,na,na,na,na,na,tissue,na,na,na,na,na,na,na,na,SLU_TC_3088,na,na,1/12/2021,na,sent,1,no,Piller,SELU,14.4,OG_102,na,no
3089,C_callisema,na,na,na,na,na,tissue,na,na,na,na,na,na,na,na,SLU_TC_3089,na,na,1/12/2021,na,sent,1,no,Piller,SELU,22.5,OG_103,na,no
CG_01,C_galactura,na,na,na,na,na,whole_sp,36.14793,-85.05058,Bear_Creek,Tennessee_River,"Bear Creek, at Bear Creek Road (downstream crossin), 4.94 km SW of Clarkrange",Cumberland,TN,21OG01,AUM_60963,CKR_91-11,10/2/2011,5/12/2021,na,sent,2,yes,C.K. Ray,AUM,na,OG_104,2021_002,na
CG_02,C_galactura,na,na,na,na,na,whole_sp,36.14793,-85.05058,Bear_Creek,Tennessee_River,"Bear Creek, at Bear Creek Road (downstream crossin), 4.94 km SW of Clarkrange",Cumberland,TN,21OG02,AUM_60963,CKR_91-11,10/2/2011,5/12/2021,na,sent,2,no,C.K. Ray,AUM,na,OG_105,2021_002,no
CG_03,C_galactura,na,na,na,na,na,whole_sp,36.14793,-85.05058,Bear_Creek,Tennessee_River,"Bear Creek, at Bear Creek Road (downstream crossin), 4.94 km SW of Clarkrange",Cumberland,TN,21OG03,AUM_60963,CKR_91-11,10/2/2011,5/12/2021,na,sent,2,no,C.K. Ray,AUM,na,OG_106,2021_002,no
CG_04,C_galactura,na,na,na,na,na,whole_sp,36.14793,-85.05058,Bear_Creek,Tennessee_River,"Bear Creek, at Bear Creek Road (downstream crossin), 4.94 km SW of Clarkrange",Cumberland,TN,21OG04,AUM_60963,CKR_91-11,10/2/2011,5/12/2021,na,sent,2,no,C.K. Ray,AUM,na,OG_107,2021_002,no
CG_05,C_galactura,na,na,na,na,na,whole_sp,35.7972,-84.81293,Whites_Creek,Tennessee_River,"Whites Creek, at Possum Trot Road, 6.38 km NE of Grandview",Rhea,TN,21OG05,AUM_59173,CKR_92-11,10/2/2011,5/12/2021,na,sent,2,no,C.K. Ray,AUM,na,OG_108,2021_002,no
CG_06,C_galactura,na,na,na,na,na,whole_sp,35.7972,-84.81293,Whites_Creek,Tennessee_River,"Whites Creek, at Possum Trot Road, 6.38 km NE of Grandview",Rhea,TN,21OG06,AUM_59173,CKR_92-11,10/2/2011,5/12/2021,na,sent,2,no,C.K. Ray,AUM,na,OG_109,2021_002,no
CG_07,C_galactura,na,na,na,na,na,whole_sp,35.42669,-84.1076,Flats_Creek,Tennessee_River,"Flats Creek, at FSR 35-1, upstream of confluence with Citico Creek, 13.97 km S of Tellassee",Monroe,TN,21OG07,AUM_59197,CKR_130-11,11/12/2011,5/12/2021,na,sent,2,yes,"C.K. Ray, P.B. Hart",AUM,na,OG_110,2021_002,na
BC01,C_venusta,venusta,Western_Gulf,unknown,na,na,fin_clip,36.604682,-88.8167,Bayou_du_Chien,Mississippi_KY,Rt_1283,Hickman,KY,2188,na,KROP06_17,na,8/11/2020,10/22/2020,sent,1,no,Piller,SELU,3.92,C_ven_1001,na,yes
BC04,C_venusta,venusta,Western_Gulf,unknown,na,na,fin_clip,36.604682,-88.8167,Bayou_du_Chien,Mississippi_KY,Rt_1283,Hickman,KY,2192,na,KROP06_17,na,8/11/2020,10/22/2020,sent,1,yes,Piller,SELU,10.4,C_ven_1004,na,na
NR07,C_venusta,cercostigma,Eastern_Gulf,unknown,na,na,whole_sp,30.505533,-90.546141,Natalby_River,Pontchartrain,US_Highway_190,Tangipahoa,LA,20CVNR07,na,na,9/7/2020,10/14/2020,12/14/2020,sent,1,no,"Johnson, Sherman, Piller",SELU,4.72,C_ven_1012,na,yes
NR08,C_venusta,cercostigma,Eastern_Gulf,unknown,na,na,whole_sp,30.505533,-90.546141,Natalby_River,Pontchartrain,US_Highway_190,Tangipahoa,LA,20CVNR08,na,na,9/7/2020,10/14/2020,12/14/2020,sent,1,yes,"Johnson, Sherman, Piller",SELU,4.66,C_ven_1013,na,na
NR10,C_venusta,cercostigma,Eastern_Gulf,unknown,na,na,whole_sp,30.505533,-90.546141,Natalby_River,Pontchartrain,US_Highway_190,Tangipahoa,LA,20CVNR10,na,na,9/7/2020,10/14/2020,12/14/2020,sent,1,yes,"Johnson, Sherman, Piller",SELU,7.43,C_ven_1015,na,na
PR02,C_venusta,cercostigma,Eastern_Gulf,Pearl_Pascagoula,na,na,whole_sp,31.5744444,-90.12972222,Pearl_River,Pearl,na,Lawrence,MS,20CVPR02,na,na,9/10/2020,11/4/2020,12/14/2020,sent,1,yes,Piller,SELU,15.5,C_ven_1017,na,na
PR08,C_venusta,cercostigma,Eastern_Gulf,Pearl_Pascagoula,na,na,whole_sp,31.5744444,-90.12972222,Pearl_River,Pearl,na,Lawrence,MS,20CVPR08,na,na,9/10/2020,11/4/2020,12/14/2020,sent,1,yes,Piller,SELU,9.94,C_ven_1023,na,na
SC07,C_venusta,venusta,Red_Lower_Miss,Mississippi,na,na,whole_sp,30.916173,-91.3869,Scotts_creek,Mississippi_LA,Off Island road northwest of Wakefield,West_Feliciana,LA,20CVSC07,na,na,10/16/2020,11/21/2020,12/12/2020,sent,1,yes,"Johnson, Sherman, Piller",SELU,5.72,C_ven_1032,na,na
SC10,C_venusta,venusta,Red_Lower_Miss,Mississippi,na,na,whole_sp,30.916173,-91.3869,Scotts_creek,Mississippi_LA,Off Island road northwest of Wakefield,West_Feliciana,LA,20CVSC10,na,na,10/16/2020,11/21/2020,12/11/2020,sent,1,yes,"Johnson, Sherman, Piller",SELU,20.3,C_ven_1035,na,na
LR03,C_venusta,venusta,Western_Gulf,West_tx,na,na,tissue,30.75393,-98.6761,Llano_river,Colorado,"Llano River at SHW16, below Llano City Lake damn",Llano,TX,13CVLR03,TCWC_16321.01_C,na,4/19/2013,12/9/2020,na,sent,1,no,"Conway, K.W., Kim, D.-M., & Krabbenhoft, T.",TXAM,6.4,C_ven_1040,na,yes
DR02,C_venusta,venusta,Western_Gulf,West_tx,na,na,tissue,29.9671,-101.1492,Devils_river,Rio_Grande,"Devil's River at Bakers Crossing, FM164",Val_Verde,TX,13CVDR02,TCWC_16325.04_B,na,4/20/2013,12/9/2020,na,sent,1,no,"Conway, K.W., Kim, D.-M., & Krabbenhoft, T.",TXAM,9.89,C_ven_1043,na,yes
NU02,C_venusta,venusta,Western_Gulf,West_tx,na,na,tissue,29.61777,-100.0091,Nueces_river,Nueces,Nueces River at FM56,Uvalde,TX,13CVNU02,TCWC_16326.06_B,na,4/20/2013,12/9/2020,na,sent,1,yes,"Conway, K.W., Kim, D.-M., & Krabbenhoft, T.",TXAM,7.96,C_ven_1048,na,na
NU05,C_venusta,venusta,Western_Gulf,West_tx,na,na,tissue,29.61777,-100.0091,Nueces_river,Nueces,Nueces River at FM59,Uvalde,TX,13CVNU05,TCWC_16326.06_E,na,4/20/2013,12/9/2020,na,sent,1,yes,"Conway, K.W., Kim, D.-M., & Krabbenhoft, T.",TXAM,5.53,C_ven_1051,na,na
RG01,C_venusta,venusta,Western_Gulf,West_tx,na,na,tissue,28.70851,-100.5097,Rio_Grande_river,Rio_Grande,"Rio Grande at Shelby Park boatramp, Eagle Pass",Maverick,TX,17CVRG01,TCWC_17564.13_A,na,3/21/2017,12/9/2020,na,sent,1,no,"Conway, K.W., Prestridge, H.L., Kubicek, K., & Pinion, A.K.",TXAM,10.8,C_ven_1053,na,yes
RG04,C_venusta,venusta,Western_Gulf,West_tx,na,na,tissue,28.70851,-100.5097,Rio_Grande_river,Rio_Grande,"Rio Grande at Shelby Park boatramp, Eagle Pass",Maverick,TX,17CVRG04,TCWC_17564.13_D,na,3/21/2017,12/9/2020,na,sent,1,yes,"Conway, K.W., Prestridge, H.L., Kubicek, K., & Pinion, A.K.",TXAM,15.9,C_ven_1056,na,na
RG05,C_venusta,venusta,Western_Gulf,West_tx,na,na,tissue,28.70851,-100.5097,Rio_Grande_river,Rio_Grande,"Rio Grande at Shelby Park boatramp, Eagle Pass",Maverick,TX,17CVRG05,TCWC_17564.13_E,na,3/21/2017,12/9/2020,na,sent,1,no,"Conway, K.W., Prestridge, H.L., Kubicek, K., & Pinion, A.K.",TXAM,4.76,C_ven_1057,na,yes
TB01,C_venusta,stigmatura,Stigmatura,Mobile,na,na,tissue,34.022197,-88.503259,Eastern_Fork_Tombigbee,Tombigbee,Bigbee,Monroe,MS,20CVTB01,na,na,11/16/2020,1/12/2021,na,sent,1,no,Matthew Wagner,Mississippi_Museum_of_Natural_Science,9.09,C_ven_1079,na,yes
ES01,C_venusta,cercostigma,Eastern_Gulf,unknown,na,na,tissue,30.984,-87.235,Big_Escambia_Creek,Escambia,"Big Escambia Creek at Fannie Rd bridge, 2 mi NE of Century",Escambia,FL,21CVES01,185448,70173,4/27/2013,2/5/2021,na,sent,1,yes,"Page, Lawrence; Randall, Z; Martin, Zachary",FLMNH_Ichthyology,16.3,C_ven_1086,na,na
UC01,C_venusta,cercostigma,Upper_Chatt,Apalachicola,na,na,tissue,32.79593,-85.02377,Mountain_Oak_Creek,Chattahoochee,Mountain Oak Creek,Harris,GA,21CVUC01,na,na,10/14/2020,2/16/2021,na,sent,2,yes,"Bowen, Bryant",Georgia_DNR,na,C_ven_1092,na,na
AK01,C_venusta,venusta,Red_Lower_Miss,Mississippi,na,na,tissue,34.72345,-96.64428,Clear_boggy_creek,Arkansas_River,Clear boggy creek at Hisle Rd. 1 mi S Ahloso,Pontotoc,OK,21CVAK01,49527-1,na,2/21/2003,3/24/2021,na,sent,2,yes,"Lang, N",UAIC,na,C_ven_1107,na,na
NE01,C_venusta,venusta,Western_Gulf,East_tx,na,na,tissue,31.8167,-94.8858,Indian_Creek,Neches_River,"trib. To Indian ck. At Hwy 204, 2 mi W of Cushing",Nacogdoches,TX,21CVNE01,49535,NJL03-62,3/16/2003,3/31/2021,na,sent,2,yes,"Lang, N",UAIC,na,C_ven_1112,na,na
CR01,C_venusta,venusta,Western_Gulf,West_tx,na,na,tissue,30.33932,-98.4917,North_Grape_Creek,Colorado,North Grape Creek at RM road 1320; 2mi SW Sandy,Blanco,TX,21CVCR01,49531-1,na,3/7/2003,3/31/2021,na,sent,2,yes,"Lang, N",UAIC,na,C_ven_1113,na,na
TL01,C_venusta,stigmatura,Stigmatura,Mobile,na,na,tissue,32.65797,-85.45903,Sougahatchee_creek,Tallapoosa,Sougahatchee Creek at Hwy 280 3mi N Auburn,Lee,AL,21CVTL01,49519-1,na,12/16/2003,3/31/2021,na,sent,2,yes,"Lang, N",UAIC,na,C_ven_1115,na,na
BR01,C_venusta,venusta,Western_Gulf,East_tx-West_tx,na,na,tissue,32.79864,-98.18627,Brazos_River,Brazos,Brazos River at US Hwy 180; 7 mi W Mineral Wells,Palo_Pinto,TX,21CVBR01,49529-1,na,3/7/2003,4/7/2021,na,sent,2,yes,"Lang, N",UAIC,na,C_ven_1125,na,na
OU01,C_venusta,venusta,Western_Gulf,Mississippi,na,na,tissue,33.46897,-92.00728,Saline_river,Ouachita,Saline River at end of unnamed rd off CO. Rd. 42; off AR Hwy 8 S 2mi SE Sumpter,Bradley,AK,21CVOU01,49521,na,5/4/2005,4/6/2021,na,sent,2,yes,"Lang, N",UAIC,na,C_ven_1128,na,na
AK04,C_venusta,venusta,Red_Lower_Miss,Mississippi,na,na,tissue,35.22155,-93.14975,Arkansas_river,Arkansas_River,Arkansas river at AR Hwy 7; city park in Dardanelle,Yell,AK,21CVAK04,49520-2,na,5/6/2005,3/24/2021,na,sent,2,no,"Neely, Dave; Unmack, P",UAIC,na,C_ven_1130,na,yes
CO05,C_venusta,stigmatura,Stigmatura,Mobile,na,na,tissue,34.12711,-85.66415,Terrapin_creek,Coosa_River,Unamed tributary to Terrapin Creek off AL Hwy 10,Cherokee,AL,21CVCO05,49511-2,na,1/19/2021,4/7/2021,na,sent,2,no,"Pugh, Worth; O'Neil, Patrick; Aycock, Nathan",UAIC,na,C_ven_1132,na,yes
CO07,C_venusta,stigmatura,Stigmatura,Mobile,na,na,tissue,34.12711,-85.66415,Terrapin_creek,Coosa_River,Unamed tributary to Terrapin Creek off AL Hwy 12,Cherokee,AL,21CVCO07,49511-4,na,1/19/2021,4/7/2021,na,sent,2,yes,"Pugh, Worth; O'Neil, Patrick; Aycock, Nathan",UAIC,na,C_ven_1134,na,na
BW01,C_venusta,stigmatura,Stigmatura,Mobile,na,na,tissue,33.731,-87.5163,Pendley_Creek,Black_Warrior,Pendley Creek at unnamed rd 0.5mi SW Pendley,Walker,AL,21CVBW01,49518,na,3/29/2003,4/6/2021,na,sent,2,no,"Lang, N",UAIC,na,C_ven_1141,na,yes
SR03,C_venusta,venusta,Western_Gulf,East_tx,na,na,tissue,31.5282,-93.8552,Reeves_creek,Sabine,Reeves Creek at Hwy 87 6mi N Milam,Sabin,TX,21CVSR03,49533,na,3/16/2003,3/31/2021,na,sent,2,yes,"Lang, N",UAIC,na,C_ven_1147,na,na
SF04,C_venusta,venusta,Western_Gulf,unknown,na,na,tissue,35.74778,-90.6112,Little_Bay_Ditch,St_Francis_River,"Little Bay Ditch at AR Hwy 158, approx. 2.5 miles W of Bay",Craighead,AK,21CVSF04,ASUFT-2015-9,na,1/29/2015,3/13/2021,na,sent,2,yes,"BL Fluker, T Klotz, A Worm, N Stephens",ASUMZ,na,C_ven_1155,na,na
AL01,C_venusta,cercostigma_stigmatura,Eastern_Gulf_Stigmatura,Mobile,na,na,tissue,31.4254,-87.5849,Alabama_river,Alabama,"Alabama river, RM 50.5-57.5, 23.5 km WSW of Monroeville",Monroe,AL,21CVAL01,AUFT_676,DCW_15_09,10/16/2015,5/13/2021,na,sent,2,yes,"D.C. Werneke, D.J. Belkoski, J.E. Dattilo",AUM,na,C_ven_1166,2021_002,na
AL02,C_venusta,cercostigma_stigmatura,Eastern_Gulf_Stigmatura,Mobile,na,na,tissue,31.4254,-87.5849,Alabama_river,Alabama,"Alabama river, RM 50.5-57.5, 23.5 km WSW of Monroeville",Monroe,AL,21CVAL02,AUFT_677,DCW_15_09,10/16/2015,5/13/2021,na,sent,2,yes,"D.C. Werneke, D.J. Belkoski, J.E. Dattilo",AUM,na,C_ven_1167,2021_002,na
BW04,C_venusta,stigmatura,Stigmatura,Mobile,na,na,tissue,33.4797,-87.59756,North_River,Black_Warrior,"North River, at CR 38, 20.26 km S of Berry",Tuscaloosa,AL,21CVBW04,AUFT_7915,CKR63_11,8/4/2011,5/13/2021,na,sent,2,yes,"J.W. Armbruster, C.K. Ray, M. Tan",AUM,na,C_ven_1176,2021_002,na
LC06,C_venusta,cercostigma,Eastern_Gulf,Apalachicola,na,na,whole_sp,32.46196,-85.13131,Little_Uchee_Creek,Chattahoochee,"Little Uchee Creek, at Hwy 80, 4.18 km W of Ladonia",Russell,AL,21CVLC06,AUM_55484,CKR_110-11,10/21/2011,5/12/2021,na,sent,2,yes,"J.W. Armbruster, C.K. Ray, S. Ferdous, M. Tan, P.B Hart",AUM,na,C_ven_1178,2021_002,na
LC07,C_venusta,cercostigma,Eastern_Gulf,Apalachicola,na,na,whole_sp,32.46196,-85.13131,Little_Uchee_Creek,Chattahoochee,"Little Uchee Creek, at Hwy 80, 4.18 km W of Ladonia",Russell,AL,21CVLC07,AUM_55484,CKR_110-11,10/21/2011,5/12/2021,na,sent,2,yes,"J.W. Armbruster, C.K. Ray, S. Ferdous, M. Tan, P.B Hart",AUM,na,C_ven_1179,2021_002,na
LC08,C_venusta,cercostigma,Eastern_Gulf,Apalachicola,na,na,whole_sp,32.46196,-85.13131,Little_Uchee_Creek,Chattahoochee,"Little Uchee Creek, at Hwy 80, 4.18 km W of Ladonia",Russell,AL,21CVLC08,AUM_55484,CKR_110-11,10/21/2011,5/12/2021,na,sent,2,yes,"J.W. Armbruster, C.K. Ray, S. Ferdous, M. Tan, P.B Hart",AUM,na,C_ven_1180,2021_002,na
CN04,C_venusta,cercostigma,Eastern_Gulf,unknown,na,na,whole_sp,31.06659,-87.06173,Conecuh_River,Conecuh_River,"Conecuh River, at Hwy 41, 2 miles S of East Brewton",Escambia,AL,21CVCN04,AUM_56871,DCW_12-10,6/2/2012,5/11/2021,na,sent,2,yes,"J.W. Armbruster, D.C. Werneke, P.B. Hart",AUM,na,C_ven_1185,2021_002,na
CH02,C_venusta,cercostigma,Eastern_Gulf,Choctawhatchee,na,na,whole_sp,31.27434,-86.11586,Pea_River_and_Pages_Creek,Choctawhatchee,"Pea River and Pages Creek, 1 mile E of Alberton, upstream of Hwy 135",Coffee,AL,21CVCH02,AUM_55571,MT_11-03,10/28/2011,5/11/2021,na,sent,2,yes,"J.W. Armbruster, D.C. Werneke, S. Ferdous, M.M. Hayes, L Wieczorek, M. Tan",AUM,na,C_ven_1188,2021_002,na
CW_01,C_whipplei,na,na,na,na,na,tissue,35.82822,-93.8324,White_River,White_River,"White River at Combs, AK of HWY 295",Madison,AR,21OG08,na,na,4/20/2021,5/12/2021,na,sent,2,no,"Findley, Kearstin",University_of_Arkansas,na,OG_111,na,no
3084,C_xaenura,na,na,na,na,na,tissue,na,na,na,na,na,na,na,na,SLU_TC_3084,na,na,1/12/2021,na,sent,1,no,Piller,SELU,21.9,OG_112,na,yes
3085,C_xaenura,na,na,na,na,na,tissue,na,na,na,na,na,na,na,na,SLU_TC_3085,na,na,1/12/2021,na,sent,1,no,Piller,SELU,43.6,OG_113,na,no
3086,C_xaenura,na,na,na,na,na,tissue,na,na,na,na,na,na,na,na,SLU_TC_3086,na,na,1/12/2021,na,sent,1,no,Piller,SELU,20.4,OG_114,na,no
NR02,C_venusta,cercostigma,Eastern_Gulf,unknown,na,na,whole_sp,30.505533,-90.546141,Natalby_River,Pontchartrain,US_Highway_190,Tangipahoa,LA,20CVNR02,na,na,9/7/2020,10/14/2020,12/14/2020,not_sent,na,na,"Johnson, Sherman, Piller",SELU,4.46,C_ven_1007,na,na
NR03,C_venusta,cercostigma,Eastern_Gulf,unknown,na,na,whole_sp,30.505533,-90.546141,Natalby_River,Pontchartrain,US_Highway_190,Tangipahoa,LA,20CVNR03,na,na,9/7/2020,10/14/2020,12/14/2020,not_sent,na,na,"Johnson, Sherman, Piller",SELU,4.43,C_ven_1008,na,na
NR04,C_venusta,cercostigma,Eastern_Gulf,unknown,na,na,whole_sp,30.505533,-90.546141,Natalby_River,Pontchartrain,US_Highway_190,Tangipahoa,LA,20CVNR04,na,na,9/7/2020,10/14/2020,12/14/2020,not_sent,na,na,"Johnson, Sherman, Piller",SELU,3.82,C_ven_1009,na,na
NR09,C_venusta,cercostigma,Eastern_Gulf,unknown,na,na,whole_sp,30.505533,-90.546141,Natalby_River,Pontchartrain,US_Highway_190,Tangipahoa,LA,20CVNR09,na,na,9/7/2020,10/14/2020,12/14/2020,not_sent,na,na,"Johnson, Sherman, Piller",SELU,3.78,C_ven_1014,na,na
DR03,C_venusta,venusta,Western_Gulf,West_tx,na,na,tissue,29.9671,-101.1492,Devils_river,Rio_Grande,"Devil's River at Bakers Crossing, FM165",Val_Verde,TX,13CVDR03,TCWC_16325.04_C,na,4/20/2013,12/9/2020,na,not_sent,na,na,"Conway, K.W., Kim, D.-M., & Krabbenhoft, T.",TXAM,1,C_ven_1044,na,na
DR05,C_venusta,venusta,Western_Gulf,West_tx,na,na,tissue,29.9671,-101.1492,Devils_river,Rio_Grande,"Devil's River at Bakers Crossing, FM167",Val_Verde,TX,13CVDR05,TCWC_16325.04_E,na,4/20/2013,12/9/2020,na,not_sent,na,na,"Conway, K.W., Kim, D.-M., & Krabbenhoft, T.",TXAM,4.28,C_ven_1046,na,na
NU03,C_venusta,venusta,Western_Gulf,West_tx,na,na,tissue,29.61777,-100.0091,Nueces_river,Nueces,Nueces River at FM57,Uvalde,TX,13CVNU03,TCWC_16326.06_C,na,4/20/2013,12/9/2020,na,not_sent,na,na,"Conway, K.W., Kim, D.-M., & Krabbenhoft, T.",TXAM,1,C_ven_1049,na,na
NU04,C_venusta,venusta,Western_Gulf,West_tx,na,na,tissue,29.61777,-100.0091,Nueces_river,Nueces,Nueces River at FM58,Uvalde,TX,13CVNU04,TCWC_16326.06_D,na,4/20/2013,12/9/2020,na,not_sent,na,na,"Conway, K.W., Kim, D.-M., & Krabbenhoft, T.",TXAM,1,C_ven_1050,na,na
TR01,C_venusta,venusta,Western_Gulf,East_tx,na,na,tissue,31.31906,-95.66883,Trinity_river,Trinity," On a point sand bar on the middle Trinity River near the crossing with State Highway 7, approximately 13 miles west of Crockett",Leon,TX,13CVTR01,TCWC_16945.03,na,5/1/2013,12/9/2020,na,not_sent,na,na,"Rodger, A.",TXAM,2.26,C_ven_1052,na,na
WR01,C_venusta,venusta,Western_Gulf,unknown,na,na,tissue,35.982718,-91.336776,Strawberry_White_River,White_River,"Reeds Creek at AR 117, ~3.2 km N of Strawberry",Lawrence,AK,04CVWR01,TJN_2755,na,5/26/2014,1/16/2021,na,not_sent,na,na,"Near, T., Watkins_Cowell, G.",Yale,1.43,C_ven_1058,na,na
WR02,C_venusta,venusta,Western_Gulf,unknown,na,na,tissue,35.982718,-91.336776,Strawberry_White_River,White_River,"Reeds Creek at AR 117, ~3.2 km N of Strawberry",Lawrence,AK,04CVWR02,TJN_2756,na,5/26/2014,1/16/2021,na,not_sent,na,na,"Near, T., Watkins_Cowell, G.",Yale,0,C_ven_1059,na,na
RR02,C_venusta,venusta,Red_Lower_Miss,unknown,na,na,tissue,34.250776,-96.550193,Blue_River,Red_River,"Blue River at OK 48a, ~1.0 km N of Milburn",Johnston,OK,04CVRR02,TJN_2800,na,6/1/2004,1/16/2021,na,not_sent,na,na,"Near, T., Watkins_Cowell, G.",Yale,1.64,C_ven_1061,na,na
ER01,C_venusta,stigmatura,Stigmatura,Mobile,na,na,tissue,34.414911,-84.366803,Long_Swamp_Creek,Etowah,"Long Swamp Creek, at GA 53 at Tate",Pickens,GA,08CVER01,TJN_13030,na,8/17/2008,1/12/2021,na,not_sent,na,na,"Near, T., Watkins_Cowell, G.",Yale,1.27,C_ven_1066,na,na
na,C_venusta,cercostigma,Eastern_Gulf,Pearl_Pascagoula,na,na,tissue,30.280065,-89.630769,Pearl_River,Pearl,"Pearl River near Possum Trail Head, ~5 km N of Pearlington",Hancock,MS,na,TJN_32068,na,5/6/2018,na,na,not_sent,na,na,"Near, T., Watkins_Cowell, G.",Yale,na,C_ven_1068,na,na
na,C_venusta,cercostigma,Eastern_Gulf,unknown,na,na,tissue,30.483593,-90.556746,Natalby_River,Pontchartrain,"Natalbany River at  Old Baton Rouge Hwy/ Louisiana 1040, ~3 km SW of Baptist, Tangipahoa Parish, Louisiana (~9 km W of Hammond)",Tangipahoa,LA,na,TJN_32088,na,5/7/2018,na,na,not_sent,na,na,"Near, T., Watkins_Cowell, G.",Yale,na,C_ven_1069,na,na
na,C_venusta,cercostigma,Eastern_Gulf,unknown,na,na,tissue,30.483593,-90.556746,Natalby_River,Pontchartrain,"Natalbany River at  Old Baton Rouge Hwy/ Louisiana 1040, ~3 km SW of Baptist, Tangipahoa Parish, Louisiana (~9 km W of Hammond)",Tangipahoa,LA,na,TJN_32093,na,5/7/2018,na,na,not_sent,na,na,"Near, T., Watkins_Cowell, G.",Yale,na,C_ven_1070,na,na
FR03,C_venusta,cercostigma,Eastern_Gulf,Apalachicola,na,na,tissue,31.580017,-84.146133,Flint_river,Flint,Albany,Doughtery,GA,20CVFR03,na,na,10/15/2020,1/19/2021,na,not_sent,na,na,Otto Lorenz,Georgia_Southwestern_State_University,3.41,C_ven_1073,na,na
FR05,C_venusta,cercostigma,Eastern_Gulf,Apalachicola,na,na,tissue,32.069439,-84.246383,Town_creek,Flint,Americus,Sumter,GA,20CVFR05,na,na,11/12/2020,1/19/2021,na,not_sent,na,na,Otto Lorenz,Georgia_Southwestern_State_University,0,C_ven_1075,na,na
FR06,C_venusta,cercostigma,Eastern_Gulf,Apalachicola,na,na,tissue,32.069439,-84.246383,Town_creek,Flint,Americus,Sumter,GA,20CVFR06,na,na,11/12/2020,1/19/2021,na,not_sent,na,na,Otto Lorenz,Georgia_Southwestern_State_University,0,C_ven_1076,na,na
TB03,C_venusta,stigmatura,Stigmatura,Mobile,na,na,tissue,34.022197,-88.503259,Eastern_Fork_Tombigbee,Tombigbee,Bigbee,Monroe,MS,20CVTB03,na,na,11/16/2020,1/12/2021,na,not_sent,na,na,Matthew Wagner,Mississippi_Museum_of_Natural_Science,1,C_ven_1081,na,na
OR01,C_venusta,cercostigma,Eastern_Gulf,unknown,na,na,tissue,31.00275,-83.93931,Little_Ochlocknee_River,Ochlocknee,"Little Ochlocknee River at Rte 188, about 1 mile E of Ochlocknee",Thomas,GA,21CVOR01,172737,23351,8/9/2008,2/5/2021,na,not_sent,na,na,"Page, Lawrence; Ennis, Bradley",FLMNH_Ichthyology,1,C_ven_1085,na,na
AR06,C_venusta,cercostigma,Eastern_Gulf,Apalachicola,na,na,tissue,30.582222,-84.96306,Apalachicola_river,Apalachicola,"Apalachicola River, 2.5 mi E of Ocheesee, Ocheesee Landing",Calhoun,FL,21CVAR06,239421,95011,6/16/2016,2/5/2021,na,not_sent,na,na,"Page, Lawrence; Flemming, Adania; Randall, Zachary",FLMNH_Ichthyology,1.63,C_ven_1091,na,na
UC07,C_venusta,cercostigma,Upper_Chatt,Apalachicola,na,na,tissue,32.79593,-85.02377,Mountain_Oak_Creek,Chattahoochee,Mountain Oak Creek,Harris,GA,21CVUC07,na,na,10/14/2020,2/16/2021,na,not_sent,na,na,"Bowen, Bryant",Georgia_DNR,na,C_ven_1098,na,na
UC08,C_venusta,cercostigma,Upper_Chatt,Apalachicola,na,na,tissue,32.78637,-84.86606,Palmetto_Creek,Chattahoochee,Palmetto Creek,Harris,GA,21CVUC08,na,na,10/14/2020,2/16/2021,na,not_sent,na,na,"Bowen, Bryant",Georgia_DNR,na,C_ven_1099,na,na
UC09,C_venusta,cercostigma,Upper_Chatt,Apalachicola,na,na,tissue,32.78637,-84.86606,Palmetto_Creek,Chattahoochee,Palmetto Creek,Harris,GA,21CVUC09,na,na,10/14/2020,2/16/2021,na,not_sent,na,na,"Bowen, Bryant",Georgia_DNR,na,C_ven_1100,na,na
UC10,C_venusta,cercostigma,Upper_Chatt,Apalachicola,na,na,tissue,32.78637,-84.86606,Palmetto_Creek,Chattahoochee,Palmetto Creek,Harris,GA,21CVUC10,na,na,10/14/2020,2/16/2021,na,not_sent,na,na,"Bowen, Bryant",Georgia_DNR,na,C_ven_1101,na,na
UC11,C_venusta,cercostigma,Upper_Chatt,Apalachicola,na,na,tissue,32.78637,-84.86606,Palmetto_Creek,Chattahoochee,Palmetto Creek,Harris,GA,21CVUC11,na,na,10/14/2020,2/16/2021,na,not_sent,na,na,"Bowen, Bryant",Georgia_DNR,na,C_ven_1102,na,na
UC12,C_venusta,cercostigma,Upper_Chatt,Apalachicola,na,na,tissue,32.78637,-84.86606,Palmetto_Creek,Chattahoochee,Palmetto Creek,Harris,GA,21CVUC12,na,na,10/14/2020,2/16/2021,na,not_sent,na,na,"Bowen, Bryant",Georgia_DNR,na,C_ven_1103,na,na
RR07,C_venusta,venusta,Red_Lower_Miss,unknown,na,na,tissue,34.50571,-97.0697,Dry_sandy_creek,Red_River,"Dry sandy creek at OK Hwy 7, 3mi W Sulphur",Murray,OK,21CVRR07,49528-2,na,2/21/2003,3/24/2021,na,not_sent,na,na,"Lang, N",UAIC,na,C_ven_1105,na,na
AK02,C_venusta,venusta,Red_Lower_Miss,Mississippi,na,na,tissue,34.72345,-96.64428,Clear_boggy_creek,Arkansas_River,Clear boggy creek at Hisle Rd. 1 mi S Ahloso,Pontotoc,OK,21CVAK02,49527-2,na,2/21/2003,3/24/2021,na,not_sent,na,na,"Lang, N",UAIC,na,C_ven_1108,na,na
CO01,C_venusta,stigmatura,Stigmatura,Mobile,na,na,tissue,33.81389,-86.38167,Big_Canoe_Creek,Coosa_River,"Big canoe Creek at US Hwy 11, ca 1 km S of Goodwins Mill",St._Clair,AL,21CVCO01,12510-1,na,6/10/2000,4/7/2021,na,not_sent,na,na,"R.L. Mayden, Gadsden 2000 class",UAIC,na,C_ven_1109,na,na
CO02,C_venusta,stigmatura,Stigmatura,Mobile,na,na,tissue,33.81389,-86.38167,Big_Canoe_Creek,Coosa_River,"Big canoe Creek at US Hwy 11, ca 1 km S of Goodwins Mill",St._Clair,AL,21CVCO02,12510-2,na,6/10/2000,4/7/2021,na,not_sent,na,na,"R.L. Mayden, Gadsden 2000 class",UAIC,na,C_ven_1110,na,na
CO03,C_venusta,stigmatura,Stigmatura,Mobile,na,na,tissue,33.81389,-86.38167,Big_Canoe_Creek,Coosa_River,"Big canoe Creek at US Hwy 11, ca 1 km S of Goodwins Mill",St._Clair,AL,21CVCO03,12510-3,na,6/10/2000,4/7/2021,na,not_sent,na,na,"R.L. Mayden, Gadsden 2000 class",UAIC,na,C_ven_1111,na,na
TL02,C_venusta,stigmatura,Stigmatura,Mobile,na,na,tissue,32.65797,-85.45903,Sougahatchee_creek,Tallapoosa,Sougahatchee Creek at Hwy 280 3mi N Auburn,Lee,AL,21CVTL02,49519-2,na,12/16/2003,3/31/2021,na,not_sent,na,na,"Lang, N",UAIC,na,C_ven_1116,na,na
TL04,C_venusta,stigmatura,Stigmatura,Mobile,na,na,tissue,32.65797,-85.45903,Sougahatchee_creek,Tallapoosa,Sougahatchee Creek at Hwy 280 3mi N Auburn,Lee,AL,21CVTL04,49519-4,na,12/16/2003,3/31/2021,na,not_sent,na,na,"Lang, N",UAIC,na,C_ven_1118,na,na
TL07,C_venusta,stigmatura,Stigmatura,Mobile,na,na,tissue,32.65797,-85.45903,Sougahatchee_creek,Tallapoosa,Sougahatchee Creek at Hwy 280 3mi N Auburn,Lee,AL,21CVTL07,49519-7,na,12/16/2003,3/31/2021,na,not_sent,na,na,"Lang, N",UAIC,na,C_ven_1121,na,na
HO03,C_venusta,venusta,Red_Lower_Miss,Mississippi,na,na,tissue,31.48239,-90.91488,Fork_Homochitto_River,Mississippi_MS,Middle Fork Homochitto River at McNair Road; N Hwy 84 1mi WSW Meadville,Franklin,MS,21CVHO03,49525-3,na,10/28/2004,3/24/2021,na,not_sent,na,na,"Lang, N",UAIC,na,C_ven_1124,na,na
BR02,C_venusta,venusta,Western_Gulf,East_tx-West_tx,na,na,tissue,32.79864,-98.18627,Brazos_River,Brazos,Brazos River at US Hwy 180; 7 mi W Mineral Wells,Palo_Pinto,TX,21CVBR02,49529-2,na,3/7/2003,4/7/2021,na,not_sent,na,na,"Lang, N",UAIC,na,C_ven_1126,na,na
GR02,C_venusta,venusta,Western_Gulf,West_tx,na,na,tissue,29.72324,-99.06823,Medina_River,Guadalupe,Medina River at TX Hwy 173; Bandera,Bandera,TX,21CVGR02,49532-2,na,1/1/2003,4/6/2021,na,not_sent,na,na,"Lang, N",UAIC,na,C_ven_1137,na,na
SF02,C_venusta,venusta,Western_Gulf,unknown,na,na,tissue,36.6619,-90.1396,St_Francis_River,St_Francis_River,St. Francis River at MO Hwy U 2.5mi W Powe,Butler,MO,21CVSF02,49526-2,na,5/30/2003,4/6/2021,na,not_sent,na,na,"Lang, N",UAIC,na,C_ven_1143,na,na
SF03,C_venusta,venusta,Western_Gulf,unknown,na,na,tissue,36.6619,-90.1396,St_Francis_River,St_Francis_River,St. Francis River at MO Hwy U 2.5mi W Powe,Butler,MO,21CVSF03,49526-3,na,5/30/2003,4/6/2021,na,not_sent,na,na,"Lang, N",UAIC,na,C_ven_1144,na,na
TR02,C_venusta,venusta,Western_Gulf,East_tx,na,na,tissue,32.67643,-97.61039,Clear_fork_Trinity_river,Trinity,Clear fork Trinity river at FM Road 5; 2mi SSW Aledo,Parker,TX,21CVTR02,49530-1,na,3/6/2003,3/24/2021,na,not_sent,na,na,"Lang, N",UAIC,na,C_ven_1145,na,na
TR03,C_venusta,venusta,Western_Gulf,East_tx,na,na,tissue,32.67643,-97.61039,Clear_fork_Trinity_river,Trinity,Clear fork Trinity river at FM Road 5; 2mi SSW Aledo,Parker,TX,21CVTR03,49530-2,na,3/6/2003,3/24/2021,na,not_sent,na,na,"Lang, N",UAIC,na,C_ven_1146,na,na
OU03,C_venusta,venusta,Western_Gulf,Mississippi,na,na,tissue,33.2954,-92.0083,Saline_river,Ouachita,Saline River at Moores Mill,Bradley,AK,21CVOU03,49522-2,na,6/10/2005,4/6/2021,na,not_sent,na,na,"Neely, Dave; Unmack, P; AGFD",UAIC,na,C_ven_1149,na,na
SF05,C_venusta,venusta,Western_Gulf,unknown,na,na,tissue,35.74778,-90.6112,Little_Bay_Ditch,St_Francis_River,"Little Bay Ditch at AR Hwy 158, approx. 2.5 miles W of Bay",Craighead,AK,21CVSF05,ASUFT-2015-10,na,1/29/2015,3/13/2021,na,not_sent,na,na,"BL Fluker, T Klotz, A Worm, N Stephens",ASUMZ,na,C_ven_1156,na,na
SF06,C_venusta,venusta,Western_Gulf,unknown,na,na,tissue,35.74778,-90.6112,Little_Bay_Ditch,St_Francis_River,"Little Bay Ditch at AR Hwy 158, approx. 2.5 miles W of Bay",Craighead,AK,21CVSF06,ASUFT-2015-11,na,1/29/2015,3/13/2021,na,not_sent,na,na,"BL Fluker, T Klotz, A Worm, N Stephens",ASUMZ,na,C_ven_1157,na,na
TL10,C_venusta,stigmatura,Stigmatura,Mobile,na,na,tissue,32.47737,-85.69549,Uphapee_creek,Tallapoosa,"Uphapee Creek, at Hwy 81 bridge",Macon,AL,21CVTL10,AUFT_31,na,6/29/2012,5/13/2021,na,not_sent,na,na,"J.W. Armbruster, C.K. Ray, M.M. Hayes, Hamalosmanoglu",AUM,na,C_ven_1161,2021_002,na
TL11,C_venusta,stigmatura,Stigmatura,Mobile,na,na,tissue,32.47737,-85.69549,Uphapee_creek,Tallapoosa,"Uphapee Creek, at Hwy 81 bridge",Macon,AL,21CVTL11,AUFT_52,na,6/29/2012,5/13/2021,na,not_sent,na,na,"J.W. Armbruster, C.K. Ray, M.M. Hayes, Hamalosmanoglu",AUM,na,C_ven_1162,2021_002,na
TL12,C_venusta,stigmatura,Stigmatura,Mobile,na,na,tissue,32.47737,-85.69549,Uphapee_creek,Tallapoosa,"Uphapee Creek, at Hwy 81 bridge",Macon,AL,21CVTL12,AUFT_53,na,6/29/2012,5/13/2021,na,not_sent,na,na,"J.W. Armbruster, C.K. Ray, M.M. Hayes, Hamalosmanoglu",AUM,na,C_ven_1163,2021_002,na
TL13,C_venusta,stigmatura,Stigmatura,Mobile,na,na,tissue,32.47737,-85.69549,Uphapee_creek,Tallapoosa,"Uphapee Creek, at Hwy 81 bridge",Macon,AL,21CVTL13,AUFT_54,na,6/29/2012,5/13/2021,na,not_sent,na,na,"J.W. Armbruster, C.K. Ray, M.M. Hayes, Hamalosmanoglu",AUM,na,C_ven_1164,2021_002,na
TL14,C_venusta,stigmatura,Stigmatura,Mobile,na,na,tissue,32.47737,-85.69549,Uphapee_creek,Tallapoosa,"Uphapee Creek, at Hwy 81 bridge",Macon,AL,21CVTL14,AUFT_55,na,6/29/2012,5/13/2021,na,not_sent,na,na,"J.W. Armbruster, C.K. Ray, M.M. Hayes, Hamalosmanoglu",AUM,na,C_ven_1165,2021_002,na
LC02,C_venusta,cercostigma,Eastern_Gulf,Apalachicola,na,na,tissue,31.18962,-85.11876,Cedar_creek,Chattahoochee,"Cedar creek, at highway 95 crossing",Houston,AL,21CVLC02,AUFT_1162,DCW_13_37,6/5/2013,5/14/2021,na,not_sent,na,na,"D.C. Werneke, M.M. Hayes",AUM,na,C_ven_1171,2021_002,na
LC03,C_venusta,cercostigma,Eastern_Gulf,Apalachicola,na,na,tissue,31.18962,-85.11876,Cedar_creek,Chattahoochee,"Cedar creek, at highway 95 crossing",Houston,AL,21CVLC03,AUFT_1163,DCW_13_37,6/5/2013,5/14/2021,na,not_sent,na,na,"D.C. Werneke, M.M. Hayes",AUM,na,C_ven_1172,2021_002,na
LC04,C_venusta,cercostigma,Eastern_Gulf,Apalachicola,na,na,tissue,31.18962,-85.11876,Cedar_creek,Chattahoochee,"Cedar creek, at highway 95 crossing",Houston,AL,21CVLC04,AUFT_1170,DCW_13_37,6/5/2013,5/14/2021,na,not_sent,na,na,"D.C. Werneke, M.M. Hayes",AUM,na,C_ven_1173,2021_002,na
FO01,C_venusta,venusta,Western_Gulf,West_tx,na,na,tissue,29.4998,-99.7108,Frio_River,Frio,Frio River at Concan,Uvalde,TX,21CVFO01,TNHC-FT_2899,TNHC#69396,7/27/2012,5/14/2021,na,not_sent,na,na,"Sewell, Erin; Moring, Bruce",TNHC,na,C_ven_1192,2021-04,na
CR08,C_venusta,venusta,Western_Gulf,West_tx,na,na,tissue,30.4973,-99.4022,James_River,Colorado,James River at James River Rd (most upstream crossing 10m above and below),Kimble,TX,21CVCR08,TNHC-FT_55,TNHC#47589,11/10/2011,5/15/2021,na,not_sent,na,na,"Hendrickson, Dean; Cohen, Adam; Labay, Benjamin L.; Harrison, Jeremy",TNHC,na,C_ven_1203,2021-04,na
CR09,C_venusta,venusta,Western_Gulf,West_tx,na,na,tissue,30.4973,-99.4022,James_River,Colorado,James River at James River Rd (most upstream crossing 10m above and below),Kimble,TX,21CVCR09,TNHC-FT_56,TNHC#47589,11/10/2011,5/15/2021,na,not_sent,na,na,"Hendrickson, Dean; Cohen, Adam; Labay, Benjamin L.; Harrison, Jeremy",TNHC,na,C_ven_1204,2021-04,na
CR10,C_venusta,venusta,Western_Gulf,West_tx,na,na,tissue,30.4973,-99.4022,James_River,Colorado,James River at James River Rd (most upstream crossing 10m above and below),Kimble,TX,21CVCR10,TNHC-FT_57,TNHC#47589,11/10/2011,5/15/2021,na,not_sent,na,na,"Hendrickson, Dean; Cohen, Adam; Labay, Benjamin L.; Harrison, Jeremy",TNHC,na,C_ven_1205,2021-04,na
CR11,C_venusta,venusta,Western_Gulf,West_tx,na,na,tissue,30.5828,-99.3197,James_River,Colorado,James River at Ziegler property with 50m reach,Mason,TX,21CVCR11,TNHC-FT_126,TNHC#47880,2/20/2011,5/15/2021,na,not_sent,na,na,"Hendrickson, Dean; Cohen, Adam; Labay, Benjamin L.; Harrison, Jeremy",TNHC,na,C_ven_1206,2021-04,na
CR12,C_venusta,venusta,Western_Gulf,West_tx,na,na,tissue,30.5828,-99.3197,James_River,Colorado,James River at Ziegler property with 50m reach,Mason,TX,21CVCR12,TNHC-FT_127,TNHC#47880,2/20/2011,5/15/2021,na,not_sent,na,na,"Hendrickson, Dean; Cohen, Adam; Labay, Benjamin L.; Harrison, Jeremy",TNHC,na,C_ven_1207,2021-04,na
CS_01,C_spiloptera,na,na,na,na,na,tissue,41.72722,-86.26722,Juday_Creek,St_Joseph,mouth of Juday Creek,St._Joseph,IN,21OG09,FMNH_131133,na,9/23/2005,8/18/2021,na,not_sent,na,na,"P. W. Willink, F. M. Veraldi, T. G. Anton, M. McLaurin",FMNH,na,OG_115,Z-52937,na
CS_02,C_spiloptera,na,na,na,na,na,tissue,42.56694,-88.20139,Bassett_Creek,Fox_River,Bassett Creek where it crosses County highway W just west of where it empties in,Kenosha,WI,21OG10,FMNH_129163,na,8/26/2016,8/18/2021,na,not_sent,na,na,K. A. Swagel,FMNH,na,OG_116,Z-52937,na
CS_03,C_spiloptera,na,na,na,na,na,tissue,41.17889,-87.63222,Trim_Creek,Kankakee_River,"Trim Creek, downstream from confluence of Trim and Pike Creeks, at road 4000 N",Kankakee,IL,21OG11,FMNH_118328,na,6/15/2003,8/18/2021,na,not_sent,na,na,"N. J. Parchen, J. B. Ladonski, J. L. Ladonski, P. W. Willink",FMNH,na,OG_117,Z-52937,na
CS_04,C_spiloptera,na,na,na,na,na,tissue,41.38056,-88.24444,Kankakee_River,Kankakee_River,"Kankakee River, from confluence with Des Plaines River to form Illinois River",Grundy/Will,IL,21OG12,FMNH_118327.1,na,6/10/2003,8/18/2021,na,not_sent,na,na,"F. M. Veraldi, R. Steinberg, M. McLaurin, P. W. Willink",FMNH,na,OG_118,Z-52937,na
CS_05,C_spiloptera,na,na,na,na,na,tissue,41.38056,-88.24444,Kankakee_River,Kankakee_River,"Kankakee River, from confluence with Des Plaines River to form Illinois River",Grundy/Will,IL,21OG13,FMNH_118327.2,na,6/10/2003,8/18/2021,na,not_sent,na,na,"F. M. Veraldi, R. Steinberg, M. McLaurin, P. W. Willink",FMNH,na,OG_119,Z-52937,na
CW_02,C_whipplei,na,na,na,na,na,tissue,na,na,Point_Rock_River,Tennessee_River,Point Rock River at State Rte. 645 approx. 2.5km N of Trenton,Jackson,AL,210G14,YFTC032295,DJM18-42,5/9/2018,8/18/2021,na,not_sent,na,na,"MacGuigan, D.J.; Kim, D.; Parker, C.E.",Yale,na,OG_120,VZ_2821,na
CW_03,C_whipplei,na,na,na,na,na,tissue,na,na,Ouachita_river,Ouachita,Ouachita river at AR 270 and Rock Shoals Float Camp. ~11 km WNW Mt Ida,Montgomery,AR,21OG15,YFTC019419,BPK_10-30,10/12/2010,8/18/2021,na,not_sent,na,na,"Bossu, C.M.; Keck, B.P.",Yale,na,OG_121,VZ_2821,na
CW_04,C_whipplei,na,na,na,na,na,tissue,na,na,Saline_river,Arkansas_River,"Saline River at Narrows Road, ~1 km N Nance",Saline,AR,21OG16,YFTC019408,BPK_10-29,10/11/2010,8/18/2021,na,not_sent,na,na,"Bossu, C.M.; Keck, B.P.",Yale,na,OG_122,VZ_2821,na
NU06,C_venusta,venusta,Western_Gulf,West_tx,na,na,tissue,29.61764,-100.0089,Nueces_river,Nueces,"Nueces River at state HWY 55 crossing, south of Campwood",Uvalde,TX,21CVNU06,TCWC20320.07A,na,7/18/2021,11/12/2021,,,,,K.W. Conway and K. Keith,TXAM,,C_ven_1208,na,
NU07,C_venusta,venusta,Western_Gulf,West_tx,na,na,tissue,29.61764,-100.0089,Nueces_river,Nueces,"Nueces River at state HWY 55 crossing, south of Campwood",Uvalde,TX,21CVNU07,TCWC20320.07B,na,7/18/2021,11/12/2021,,,,,K.W. Conway and K. Keith,TXAM,,C_ven_1209,na,
NU08,C_venusta,venusta,Western_Gulf,West_tx,na,na,tissue,29.61764,-100.0089,Nueces_river,Nueces,"Nueces River at state HWY 55 crossing, south of Campwood",Uvalde,TX,21CVNU08,TCWC20320.07C,na,7/18/2021,11/12/2021,,,,,K.W. Conway and K. Keith,TXAM,,C_ven_1210,na,
NU09,C_venusta,venusta,Western_Gulf,West_tx,na,na,tissue,29.61764,-100.0089,Nueces_river,Nueces,"Nueces River at state HWY 55 crossing, south of Campwood",Uvalde,TX,21CVNU09,TCWC20320.07D,na,7/18/2021,11/12/2021,,,,,K.W. Conway and K. Keith,TXAM,,C_ven_1211,na,
SA01,C_venusta,venusta,Western_Gulf,West_tx,na,na,tissue,29.74434,-99.55408,Sabinal_river,Frio,"Sabinal River, Ranch Road 337 crossing, Vanderpool",Bandera,TX,21CVSA01,TCWC20319.06A,na,7/17/2021,11/12/2021,,,,,K.W. Conway and K. Keith,TXAM,,C_ven_1212,na,
SA02,C_venusta,venusta,Western_Gulf,West_tx,na,na,tissue,29.74434,-99.55408,Sabinal_river,Frio,"Sabinal River, Ranch Road 337 crossing, Vanderpool",Bandera,TX,21CVSA02,TCWC20319.06B,na,7/17/2021,11/12/2021,,,,,K.W. Conway and K. Keith,TXAM,,C_ven_1213,na,
PC01,C_venusta,cercostigma,Eastern_Gulf,Pearl_Pascagoula,na,na,tissue,30.520024,-88.681494,Pascagoula_river,Pascagoula,Pascagoula River at the Barge Landing Boat Ramp off Bobs Lake Road in Vancleave,Jackson,MS,21CVPC01,na,na,11/5/2021,,,,,,"K.R. Piller, T. Dodson, B. Maldonado, S.J. Johnson",SELU,,C_ven_1214,na,
PC02,C_venusta,cercostigma,Eastern_Gulf,Pearl_Pascagoula,na,na,tissue,30.520024,-88.681494,Pascagoula_river,Pascagoula,Pascagoula River at the Barge Landing Boat Ramp off Bobs Lake Road in Vancleave,Jackson,MS,21CVPC02,na,na,11/5/2021,,,,,,"K.R. Piller, T. Dodson, B. Maldonado, S.J. Johnson",SELU,,C_ven_1215,na,
PC03,C_venusta,cercostigma,Eastern_Gulf,Pearl_Pascagoula,na,na,tissue,30.520024,-88.681494,Pascagoula_river,Pascagoula,Pascagoula River at the Barge Landing Boat Ramp off Bobs Lake Road in Vancleave,Jackson,MS,21CVPC03,na,na,11/5/2021,,,,,,"K.R. Piller, T. Dodson, B. Maldonado, S.J. Johnson",SELU,,C_ven_1216,na,
PC04,C_venusta,cercostigma,Eastern_Gulf,Pearl_Pascagoula,na,na,tissue,30.520024,-88.681494,Pascagoula_river,Pascagoula,Pascagoula River at the Barge Landing Boat Ramp off Bobs Lake Road in Vancleave,Jackson,MS,21CVPC04,na,na,11/5/2021,,,,,,"K.R. Piller, T. Dodson, B. Maldonado, S.J. Johnson",SELU,,C_ven_1217,na,
PC05,C_venusta,cercostigma,Eastern_Gulf,Pearl_Pascagoula,na,na,tissue,30.520024,-88.681494,Pascagoula_river,Pascagoula,Pascagoula River at the Barge Landing Boat Ramp off Bobs Lake Road in Vancleave,Jackson,MS,21CVPC05,na,na,11/5/2021,,,,,,"K.R. Piller, T. Dodson, B. Maldonado, S.J. Johnson",SELU,,C_ven_1218,na,
PC06,C_venusta,cercostigma,Eastern_Gulf,Pearl_Pascagoula,na,na,tissue,30.520024,-88.681494,Pascagoula_river,Pascagoula,Pascagoula River at the Barge Landing Boat Ramp off Bobs Lake Road in Vancleave,Jackson,MS,21CVPC06,na,na,11/5/2021,,,,,,"K.R. Piller, T. Dodson, B. Maldonado, S.J. Johnson",SELU,,C_ven_1219,na,
PC07,C_venusta,cercostigma,Eastern_Gulf,Pearl_Pascagoula,na,na,tissue,30.520024,-88.681494,Pascagoula_river,Pascagoula,Pascagoula River at the Barge Landing Boat Ramp off Bobs Lake Road in Vancleave,Jackson,MS,21CVPC07,na,na,11/5/2021,,,,,,"K.R. Piller, T. Dodson, B. Maldonado, S.J. Johnson",SELU,,C_ven_1220,na,
PC08,C_venusta,cercostigma,Eastern_Gulf,Pearl_Pascagoula,na,na,tissue,30.520024,-88.681494,Pascagoula_river,Pascagoula,Pascagoula River at the Barge Landing Boat Ramp off Bobs Lake Road in Vancleave,Jackson,MS,21CVPC08,na,na,11/5/2021,,,,,,"K.R. Piller, T. Dodson, B. Maldonado, S.J. Johnson",SELU,,C_ven_1221,na,
PC09,C_venusta,cercostigma,Eastern_Gulf,Pearl_Pascagoula,na,na,tissue,30.520024,-88.681494,Pascagoula_river,Pascagoula,Pascagoula River at the Barge Landing Boat Ramp off Bobs Lake Road in Vancleave,Jackson,MS,21CVPC09,na,na,11/5/2021,,,,,,"K.R. Piller, T. Dodson, B. Maldonado, S.J. Johnson",SELU,,C_ven_1222,na,
PC10,C_venusta,cercostigma,Eastern_Gulf,Pearl_Pascagoula,na,na,tissue,30.520024,-88.681494,Pascagoula_river,Pascagoula,Pascagoula River at the Barge Landing Boat Ramp off Bobs Lake Road in Vancleave,Jackson,MS,21CVPC10,na,na,11/5/2021,,,,,,"K.R. Piller, T. Dodson, B. Maldonado, S.J. Johnson",SELU,,C_ven_1223,na,
WF01,C_venusta,cercostigma,Eastern_Gulf,Pearl_Pascagoula,na,na,tissue,30.479658,-89.258898,Wolf_river,Wolf_river,"Tributary of Wolf River, crossing at Wolf River Road, 5 miles east of Lyman",Harrison,MS,21CVWF01,na,na,11/5/2021,,,,,,"K.R. Piller, T. Dodson, B. Maldonado, S.J. Johnson",SELU,,C_ven_1224,na,
WF02,C_venusta,cercostigma,Eastern_Gulf,Pearl_Pascagoula,na,na,tissue,30.479658,-89.258898,Wolf_river,Wolf_river,"Tributary of Wolf River, crossing at Wolf River Road, 5 miles east of Lyman",Harrison,MS,21CVWF02,na,na,11/5/2021,,,,,,"K.R. Piller, T. Dodson, B. Maldonado, S.J. Johnson",SELU,,C_ven_1225,na,
WF03,C_venusta,cercostigma,Eastern_Gulf,Pearl_Pascagoula,na,na,tissue,30.479658,-89.258898,Wolf_river,Wolf_river,"Tributary of Wolf River, crossing at Wolf River Road, 5 miles east of Lyman",Harrison,MS,21CVWF03,na,na,11/5/2021,,,,,,"K.R. Piller, T. Dodson, B. Maldonado, S.J. Johnson",SELU,,C_ven_1226,na,
WF04,C_venusta,cercostigma,Eastern_Gulf,Pearl_Pascagoula,na,na,tissue,30.479658,-89.258898,Wolf_river,Wolf_river,"Tributary of Wolf River, crossing at Wolf River Road, 5 miles east of Lyman",Harrison,MS,21CVWF04,na,na,11/5/2021,,,,,,"K.R. Piller, T. Dodson, B. Maldonado, S.J. Johnson",SELU,,C_ven_1227,na,
WF05,C_venusta,cercostigma,Eastern_Gulf,Pearl_Pascagoula,na,na,tissue,30.479658,-89.258898,Wolf_river,Wolf_river,"Tributary of Wolf River, crossing at Wolf River Road, 5 miles east of Lyman",Harrison,MS,21CVWF05,na,na,11/5/2021,,,,,,"K.R. Piller, T. Dodson, B. Maldonado, S.J. Johnson",SELU,,C_ven_1228,na,
WF06,C_venusta,cercostigma,Eastern_Gulf,Pearl_Pascagoula,na,na,tissue,30.479658,-89.258898,Wolf_river,Wolf_river,"Tributary of Wolf River, crossing at Wolf River Road, 5 miles east of Lyman",Harrison,MS,21CVWF06,na,na,11/5/2021,,,,,,"K.R. Piller, T. Dodson, B. Maldonado, S.J. Johnson",SELU,,C_ven_1229,na,
WF07,C_venusta,cercostigma,Eastern_Gulf,Pearl_Pascagoula,na,na,tissue,30.479658,-89.258898,Wolf_river,Wolf_river,"Tributary of Wolf River, crossing at Wolf River Road, 5 miles east of Lyman",Harrison,MS,21CVWF07,na,na,11/5/2021,,,,,,"K.R. Piller, T. Dodson, B. Maldonado, S.J. Johnson",SELU,,C_ven_1230,na,
WF08,C_venusta,cercostigma,Eastern_Gulf,Pearl_Pascagoula,na,na,tissue,30.479658,-89.258898,Wolf_river,Wolf_river,"Tributary of Wolf River, crossing at Wolf River Road, 5 miles east of Lyman",Harrison,MS,21CVWF08,na,na,11/5/2021,,,,,,"K.R. Piller, T. Dodson, B. Maldonado, S.J. Johnson",SELU,,C_ven_1231,na,
WF09,C_venusta,cercostigma,Eastern_Gulf,Pearl_Pascagoula,na,na,tissue,30.479658,-89.258898,Wolf_river,Wolf_river,"Tributary of Wolf River, crossing at Wolf River Road, 5 miles east of Lyman",Harrison,MS,21CVWF09,na,na,11/5/2021,,,,,,"K.R. Piller, T. Dodson, B. Maldonado, S.J. Johnson",SELU,,C_ven_1232,na,
WF10,C_venusta,cercostigma,Eastern_Gulf,Pearl_Pascagoula,na,na,tissue,30.479658,-89.258898,Wolf_river,Wolf_river,"Tributary of Wolf River, crossing at Wolf River Road, 5 miles east of Lyman",Harrison,MS,21CVWF10,na,na,11/5/2021,,,,,,"K.R. Piller, T. Dodson, B. Maldonado, S.J. Johnson",SELU,,C_ven_1233,na,
AL03,C_venusta,cercostigma_stigmatura,Eastern_Gulf_Stigmatura,Mobile,na,na,tissue,31.298611,-87.710278,Little_River_creek,Alabama,"Little River Creek crossing at hwy 59, 2km west of Georgetown",Mobile,AL,21CVAL03,na,302,11/17/2021,11/23/2021,,,,,"K.R. Piller, T. Dodson, S.J. Johnson, C. Leow, E. Marchio, A. Sherman",SELU,,C_ven_1234,na,
AL04,C_venusta,cercostigma_stigmatura,Eastern_Gulf_Stigmatura,Mobile,na,na,tissue,31.298611,-87.710278,Little_River_creek,Alabama,"Little River Creek crossing at hwy 59, 2km west of Georgetown",Mobile,AL,21CVAL04,na,304,11/17/2021,11/23/2021,,,,,"K.R. Piller, T. Dodson, S.J. Johnson, C. Leow, E. Marchio, A. Sherman",SELU,,C_ven_1235,na,
AL05,C_venusta,cercostigma_stigmatura,Eastern_Gulf_Stigmatura,Mobile,na,na,tissue,31.298611,-87.710278,Little_River_creek,Alabama,"Little River Creek crossing at hwy 59, 2km west of Georgetown",Mobile,AL,21CVAL05,na,303,11/17/2021,11/23/2021,,,,,"K.R. Piller, T. Dodson, S.J. Johnson, C. Leow, E. Marchio, A. Sherman",SELU,,C_ven_1236,na,
AL06,C_venusta,cercostigma_stigmatura,Eastern_Gulf_Stigmatura,Mobile,na,na,tissue,31.298611,-87.710278,Little_River_creek,Alabama,"Little River Creek crossing at hwy 59, 2km west of Georgetown",Mobile,AL,21CVAL06,na,305,11/17/2021,11/23/2021,,,,,"K.R. Piller, T. Dodson, S.J. Johnson, C. Leow, E. Marchio, A. Sherman",SELU,,C_ven_1237,na,
AL07,C_venusta,cercostigma_stigmatura,Eastern_Gulf_Stigmatura,Mobile,na,na,tissue,31.298611,-87.710278,Little_River_creek,Alabama,"Little River Creek crossing at hwy 59, 2km west of Georgetown",Mobile,AL,21CVAL07,na,306,11/17/2021,11/23/2021,,,,,"K.R. Piller, T. Dodson, S.J. Johnson, C. Leow, E. Marchio, A. Sherman",SELU,,C_ven_1238,na,
AL08,C_venusta,cercostigma_stigmatura,Eastern_Gulf_Stigmatura,Mobile,na,na,tissue,31.298611,-87.710278,Little_River_creek,Alabama,"Little River Creek crossing at hwy 59, 2km west of Georgetown",Mobile,AL,21CVAL08,na,307,11/17/2021,11/23/2021,,,,,"K.R. Piller, T. Dodson, S.J. Johnson, C. Leow, E. Marchio, A. Sherman",SELU,,C_ven_1239,na,
AL09,C_venusta,cercostigma_stigmatura,Eastern_Gulf_Stigmatura,Mobile,na,na,tissue,31.298611,-87.710278,Little_River_creek,Alabama,"Little River Creek crossing at hwy 59, 2km west of Georgetown",Mobile,AL,21CVAL09,na,308,11/17/2021,11/23/2021,,,,,"K.R. Piller, T. Dodson, S.J. Johnson, C. Leow, E. Marchio, A. Sherman",SELU,,C_ven_1240,na,
AL10,C_venusta,cercostigma_stigmatura,Eastern_Gulf_Stigmatura,Mobile,na,na,tissue,31.298611,-87.710278,Little_River_creek,Alabama,"Little River Creek crossing at hwy 59, 2km west of Georgetown",Mobile,AL,21CVAL10,na,309,11/17/2021,11/23/2021,,,,,"K.R. Piller, T. Dodson, S.J. Johnson, C. Leow, E. Marchio, A. Sherman",SELU,,C_ven_1241,na,
AL11,C_venusta,cercostigma_stigmatura,Eastern_Gulf_Stigmatura,Mobile,na,na,tissue,31.298611,-87.710278,Little_River_creek,Alabama,"Little River Creek crossing at hwy 59, 2km west of Georgetown",Mobile,AL,21CVAL11,na,310,11/17/2021,11/23/2021,,,,,"K.R. Piller, T. Dodson, S.J. Johnson, C. Leow, E. Marchio, A. Sherman",SELU,,C_ven_1242,na,
AL12,C_venusta,cercostigma_stigmatura,Eastern_Gulf_Stigmatura,Mobile,na,na,tissue,31.298611,-87.710278,Little_River_creek,Alabama,"Little River Creek crossing at hwy 59, 2km west of Georgetown",Mobile,AL,21CVAL12,na,311,11/17/2021,11/23/2021,,,,,"K.R. Piller, T. Dodson, S.J. Johnson, C. Leow, E. Marchio, A. Sherman",SELU,,C_ven_1243,na,
